Date;Period;BE;DE;FR;NL;RAM_0;Row;Num_date
01/11/2015;1;-0.27727;-0.10024;-0.18471;0;556.86511;17;20151101
01/11/2015;1;0;0;1;0;5101;21;20151101
01/11/2015;1;0.02063;0.12049;0.05709;0.37601;1064.21626;35;20151101
01/11/2015;1;0;-1;0;0;6000;51;20151101
01/11/2015;1;-0.05567;0.04936;0.06749;0.0217;567.86871;58;20151101
01/11/2015;1;0.01468;-0.01691;-0.10106;-0.00544;454.71181;73;20151101
01/11/2015;1;-0.29909;-0.13532;-0.26075;0;556.87929;96;20151101
01/11/2015;1;0.15028;-0.12838;-0.01786;-0.17978;992.68766;117;20151101
01/11/2015;1;0;0;0;1;4250;118;20151101
01/11/2015;1;0.01261;0.19006;0.08618;-0.10605;1060.95217;121;20151101
01/11/2015;1;-1;0;0;0;4500;136;20151101
01/11/2015;1;0.23561;0.18414;0.1724;0.16129;191.85349;144;20151101
01/11/2015;1;-0.28035;-0.11188;-0.20032;0;556.52043;160;20151101
01/11/2015;1;0.14158;-0.17667;-0.08911;-0.21013;1010.12611;162;20151101
01/11/2015;1;0.05567;-0.04936;-0.06749;-0.0217;242.13129;185;20151101
01/11/2015;1;0;0;0;-1;4250;200;20151101
01/11/2015;1;-0.31693;-0.13964;-0.24401;0;621.01177;227;20151101
01/11/2015;1;-0.0017;0.02968;-0.03272;0.01932;298.57338;237;20151101
01/11/2015;1;0.01604;0.2682;0.16741;-0.02249;1278.53472;238;20151101
01/11/2015;1;-0.2857;-0.10402;-0.20696;0;556.91944;262;20151101
01/11/2015;1;0.02456;-0.16266;0.08001;-0.10744;928.6277;325;20151101
01/11/2015;1;-0.21041;-0.23574;-0.36332;-0.1658;585.35479;356;20151101
01/11/2015;1;-0.30928;-0.11181;-0.20604;0;621.15719;380;20151101
01/11/2015;1;-0.28803;-0.13347;-0.2338;0;556.66888;424;20151101
01/11/2015;1;-0.33033;-0.15681;-0.28752;0;621.45936;465;20151101
01/11/2015;2;-0.09118;0.23055;0.09159;0.28422;1289.29637;7;20151101
01/11/2015;2;-0.01618;-0.26922;-0.16832;0.03842;1494.32016;8;20151101
01/11/2015;2;-0.21025;-0.23442;-0.36181;-0.16125;739.81139;19;20151101
01/11/2015;2;0;-1;0;0;6000;76;20151101
01/11/2015;2;-0.0538;-0.06671;-0.05713;0.25164;1265.99077;98;20151101
01/11/2015;2;0;1;0;0;7000;110;20151101
01/11/2015;2;0.01451;-0.01746;-0.10318;-0.00528;524.54711;111;20151101
01/11/2015;2;-1;0;0;0;4500;155;20151101
01/11/2015;2;-0.05565;0.04946;0.06745;0.0205;551.96735;178;20151101
01/11/2015;2;-0.00174;0.02935;-0.03327;0.01842;329.33957;206;20151101
01/11/2015;2;0.23569;0.18453;0.17292;0.1597;284.30388;254;20151101
01/11/2015;2;0.01269;0.19065;0.08681;-0.11066;1192.79072;259;20151101
01/11/2015;2;0.02453;-0.16321;0.07769;-0.10489;886.03146;271;20151101
01/11/2015;2;0.15018;-0.12899;-0.0184;-0.18122;953.51327;280;20151101
01/11/2015;2;0;0;0;-1;4250;289;20151101
01/11/2015;2;0.05565;-0.04946;-0.06745;-0.0205;259.03265;327;20151101
01/11/2015;2;0.01618;0.26922;0.16832;-0.03842;1391.67984;346;20151101
01/11/2015;2;0.05466;-0.05385;-0.05011;-0.03636;298.28613;351;20151101
01/11/2015;2;0;0;1;0;5101;371;20151101
01/11/2015;2;0.14149;-0.17722;-0.08979;-0.21063;983.78157;419;20151101
01/11/2015;2;0.1068;0.2733;0.17046;0.40351;580.53646;505;20151101
01/11/2015;3;0.05466;-0.05386;-0.05012;-0.03726;299.36932;44;20151101
01/11/2015;3;0;0;1;0;5101;50;20151101
01/11/2015;3;0.01618;0.26931;0.16826;-0.0274;1443.55573;54;20151101
01/11/2015;3;0;1;0;0;7000;91;20151101
01/11/2015;3;-0.00174;0.02932;-0.03327;0.01907;295.27082;107;20151101
01/11/2015;3;0.15019;-0.12891;-0.01837;-0.18201;918.61314;134;20151101
01/11/2015;3;0.02453;-0.16314;0.07827;-0.10777;879.65069;149;20151101
01/11/2015;3;0.01269;0.19055;0.08671;-0.10734;1326.39062;167;20151101
01/11/2015;3;0;0;0;-1;4250;170;20151101
01/11/2015;3;0.05565;-0.04949;-0.06744;-0.02152;276.13646;220;20151101
01/11/2015;3;0.14149;-0.17715;-0.08968;-0.21226;968.01448;250;20151101
01/11/2015;3;-0.01618;-0.26931;-0.16826;0.0274;1442.44427;251;20151101
01/11/2015;3;0.00692;0.07574;0.03293;-0.09615;672.37106;265;20151101
01/11/2015;3;-0.05381;-0.06677;-0.05711;0.23279;1248.8852;402;20151101
01/11/2015;3;0;-1;0;0;6000;411;20151101
01/11/2015;3;0.02068;0.12071;0.05741;0.37599;993.39463;427;20151101
01/11/2015;3;-0.21027;-0.23451;-0.36213;-0.16512;847.02084;452;20151101
01/11/2015;3;-0.09118;0.23045;0.09151;0.28621;1352.04039;459;20151101
01/11/2015;3;0.1068;0.27322;0.17032;0.39273;689.52662;478;20151101
01/11/2015;3;-1;0;0;0;4500;510;20151101
01/11/2015;3;-0.05565;0.04949;0.06744;0.02152;534.86354;524;20151101
01/11/2015;4;0.01618;0.26931;0.1678;-0.0274;1420.29997;18;20151101
01/11/2015;4;0;0;-1;0;3514;32;20151101
01/11/2015;4;-0.00174;0.02932;-0.03306;0.01907;262.38758;33;20151101
01/11/2015;4;0.09806;-0.19218;-0.06562;-0.26081;1109.60092;61;20151101
01/11/2015;4;-0.05381;-0.06677;-0.05712;0.23279;1231.87964;72;20151101
01/11/2015;4;0.01269;0.19055;0.08646;-0.10734;1279.25162;113;20151101
01/11/2015;4;0.00692;0.07574;0.03283;-0.09615;700.31546;127;20151101
01/11/2015;4;0;0;1;0;5101;131;20151101
01/11/2015;4;-1;0;0;0;4500;153;20151101
01/11/2015;4;0;-1;0;0;6000;245;20151101
01/11/2015;4;-0.09118;0.23045;0.09086;0.28621;1304.67899;268;20151101
01/11/2015;4;0.02453;-0.16314;0.07864;-0.10777;975.85641;273;20151101
01/11/2015;4;0.05565;-0.04949;-0.06761;-0.02152;257.04194;311;20151101
01/11/2015;4;0.02068;0.12071;0.05728;0.37599;920.32235;316;20151101
01/11/2015;4;-0.05565;0.04949;0.06761;0.02152;553.95806;317;20151101
01/11/2015;4;0.1068;0.27322;0.17015;0.39273;694.4321;318;20151101
01/11/2015;4;0.15019;-0.12891;-0.01771;-0.18201;976.9801;354;20151101
01/11/2015;4;0.14149;-0.17715;-0.08946;-0.21226;1002.1368;357;20151101
01/11/2015;4;-0.01618;-0.26931;-0.1678;0.0274;1464.70003;363;20151101
01/11/2015;4;0.11464;0.24652;0.3984;0.16749;1492.97056;407;20151101
01/11/2015;4;0;0;0;-1;4250;412;20151101
01/11/2015;4;0.05466;-0.05386;-0.05006;-0.03726;291.40268;437;20151101
01/11/2015;5;0;-1;0;0;6000;38;20151101
01/11/2015;5;-1;0;0;0;4500;55;20151101
01/11/2015;5;0.02068;0.12071;0.05728;0.3711;913.81135;66;20151101
01/11/2015;5;0.09806;-0.19218;-0.06561;-0.26093;1097.61848;81;20151101
01/11/2015;5;0.02453;-0.16314;0.07829;-0.10767;1021.65181;130;20151101
01/11/2015;5;0.14149;-0.17715;-0.08946;-0.21231;993.1418;176;20151101
01/11/2015;5;0;0;-1;0;2326;193;20151101
01/11/2015;5;-0.05381;-0.06677;-0.0571;0.23327;1255.84276;226;20151101
01/11/2015;5;0.1068;0.27322;0.17012;0.39296;709.39242;241;20151101
01/11/2015;5;0;0;1;0;5674;302;20151101
01/11/2015;5;0.00692;0.07574;0.03284;-0.09579;738.28502;320;20151101
01/11/2015;5;0;0;0;-1;4250;333;20151101
01/11/2015;5;0.11464;0.24652;0.3985;0.16734;1495.04116;345;20151101
01/11/2015;5;0.01618;0.26931;0.16775;-0.02814;1371.34617;365;20151101
01/11/2015;5;0.15019;-0.12891;-0.01771;-0.1821;968.9891;408;20151101
01/11/2015;5;-0.01618;-0.26931;-0.16775;0.02814;1514.65383;422;20151101
01/11/2015;5;-0.09118;0.23045;0.09085;0.2863;1316.66443;430;20151101
01/11/2015;5;0.05466;-0.05386;-0.05001;-0.03723;305.42748;448;20151101
01/11/2015;5;0.05565;-0.04949;-0.06757;-0.02147;272.05918;477;20151101
01/11/2015;5;-0.05565;0.04949;0.06757;0.02147;538.94082;520;20151101
01/11/2015;5;0.01269;0.19055;0.08646;-0.10665;1307.18262;521;20151101
01/11/2015;6;-0.05381;-0.06677;-0.0571;0.2212;1210.04976;40;20151101
01/11/2015;6;0.01618;0.26931;0.16778;-0.02364;1384.91285;45;20151101
01/11/2015;6;0;0;0;-1;4250;116;20151101
01/11/2015;6;0.05466;-0.05386;-0.05002;-0.03748;295.44692;140;20151101
01/11/2015;6;0.02068;0.12071;0.05728;0.40698;1041.22335;186;20151101
01/11/2015;6;0.01269;0.19055;0.08647;-0.10958;1237.48118;207;20151101
01/11/2015;6;-0.05565;0.04949;0.06756;0.02181;554.90126;224;20151101
01/11/2015;6;0;0;1;0;5167;319;20151101
01/11/2015;6;0.09806;-0.19218;-0.06564;-0.26037;1129.5458;350;20151101
01/11/2015;6;0;-1;0;0;6000;360;20151101
01/11/2015;6;-1;0;0;0;4500;366;20151101
01/11/2015;6;0.14149;-0.17715;-0.08946;-0.21234;1012.1448;368;20151101
01/11/2015;6;0.1068;0.27322;0.17013;0.39048;672.64598;372;20151101
01/11/2015;6;-0.01618;-0.26931;-0.16778;0.02364;1501.08715;388;20151101
01/11/2015;6;-0.09118;0.23045;0.09088;0.28625;1280.68611;392;20151101
01/11/2015;6;0;0;-1;0;2833;415;20151101
01/11/2015;6;0.02453;-0.16314;0.07836;-0.1085;1045.77373;458;20151101
01/11/2015;6;-0.00174;0.02932;-0.03307;0.01924;258.36502;471;20151101
01/11/2015;6;0.05565;-0.04949;-0.06756;-0.02181;256.09874;480;20151101
01/11/2015;6;0.15019;-0.12891;-0.01774;-0.18188;994.95042;493;20151101
01/11/2015;6;0.00692;0.07574;0.03284;-0.09946;719.65202;498;20151101
01/11/2015;7;0.02453;-0.16314;0.07795;-0.1071;1020.40577;48;20151101
01/11/2015;7;0.05466;-0.05386;-0.05008;-0.03705;289.37056;49;20151101
01/11/2015;7;0;0;0;-1;4250;75;20151101
01/11/2015;7;0;1;0;0;7000;105;20151101
01/11/2015;7;-0.00174;0.02933;-0.03323;0.0189;299.31131;158;20151101
01/11/2015;7;0.09806;-0.19219;-0.06605;-0.26121;1056.40059;182;20151101
01/11/2015;7;-1;0;0;0;4500;196;20151101
01/11/2015;7;0;0;1;0;5101;228;20151101
01/11/2015;7;0.01269;0.19055;0.08669;-0.1099;1207.6355;287;20151101
01/11/2015;7;-0.05565;0.04948;0.06752;0.02124;549.93477;298;20151101
01/11/2015;7;0.11464;0.24651;0.39832;0.16645;1459.02883;304;20151101
01/11/2015;7;0;0;-1;0;4411;314;20151101
01/11/2015;7;0;-1;0;0;6000;379;20151101
01/11/2015;7;-0.09118;0.23046;0.09133;0.28611;1345.95156;414;20151101
01/11/2015;7;0.02068;0.12072;0.05741;0.38093;942.90188;418;20151101
01/11/2015;7;-0.01618;-0.2693;-0.16818;0.03078;1569.152;433;20151101
01/11/2015;7;0.14149;-0.17715;-0.08968;-0.21213;956.00148;451;20151101
01/11/2015;7;0.01618;0.2693;0.16818;-0.03078;1533.848;454;20151101
01/11/2015;7;0.05565;-0.04948;-0.06752;-0.02124;261.06523;468;20151101
01/11/2015;7;0.00692;0.07575;0.03293;-0.08925;637.68231;475;20151101
01/11/2015;7;0.15019;-0.12891;-0.01813;-0.18209;918.75458;488;20151101
01/11/2015;7;0.1068;0.27323;0.17038;0.39499;712.33523;500;20151101
01/11/2015;8;0.15071;-0.12539;-0.01509;-0.18192;908.5657;89;20151101
01/11/2015;8;0.14168;-0.17424;-0.0866;-0.21177;950.93132;92;20151101
01/11/2015;8;0.01312;0.18668;0.08878;-0.10829;1166.90296;94;20151101
01/11/2015;8;0.02371;-0.15635;0.07415;-0.10451;1099.35914;166;20151101
01/11/2015;8;0.10658;0.26935;0.16754;0.39686;622.21201;172;20151101
01/11/2015;8;-1;0;0;0;4500;184;20151101
01/11/2015;8;-0.05562;0.05059;0.06823;0.02094;551.48085;209;20151101
01/11/2015;8;-0.09154;0.22689;0.0878;0.28638;1343.72479;210;20151101
01/11/2015;8;0;0;1;0;5101;233;20151101
01/11/2015;8;0.05562;-0.05059;-0.06823;-0.02094;259.51915;234;20151101
01/11/2015;8;-0.00174;0.03015;-0.03279;0.01922;270.62645;246;20151101
01/11/2015;8;0.00697;0.07018;0.03227;-0.1047;644.13505;295;20151101
01/11/2015;8;-0.00567;-0.07903;-0.05794;0.01405;192.79588;300;20151101
01/11/2015;8;0.05449;-0.05409;-0.05011;-0.03654;288.3729;305;20151101
01/11/2015;8;0;0;0;-1;4250;377;20151101
01/11/2015;8;0;0;-1;0;3984;462;20151101
01/11/2015;8;0.23566;0.18461;0.17232;0.16109;290.85871;499;20151101
01/11/2015;9;0.02371;-0.15633;0.07444;-0.10439;960.51088;6;20151101
01/11/2015;9;0.00697;0.07018;0.03224;-0.10458;708.10637;30;20151101
01/11/2015;9;0.15071;-0.12538;-0.01497;-0.18193;801.63467;139;20151101
01/11/2015;9;-0.09154;0.22688;0.08764;0.28636;1449.63658;164;20151101
01/11/2015;9;-0.21068;-0.23854;-0.36621;-0.16399;812.37382;270;20151101
01/11/2015;9;0.01504;0.27717;0.16215;-0.01412;1592.47541;272;20151101
01/11/2015;9;0.23566;0.18461;0.17229;0.16102;223.84903;283;20151101
01/11/2015;9;0.14168;-0.17423;-0.0865;-0.21175;860.98617;286;20151101
01/11/2015;9;0;0;0;-1;4250;299;20151101
01/11/2015;9;0.11518;0.25136;0.40393;0.16634;1494.4515;306;20151101
01/11/2015;9;-0.05562;0.0506;0.06824;0.0209;532.49166;338;20151101
01/11/2015;9;-0.00567;-0.07903;-0.05788;0.01419;192.81524;362;20151101
01/11/2015;9;0.05562;-0.0506;-0.06824;-0.0209;278.50834;378;20151101
01/11/2015;9;0.01312;0.18667;0.08869;-0.10755;1200.77767;396;20151101
01/11/2015;9;0.10658;0.26934;0.16743;0.39717;651.1186;441;20151101
01/11/2015;9;0;1;0;0;7000;490;20151101
01/11/2015;9;-1;0;0;0;4500;514;20151101
01/11/2015;9;-0.00174;0.03014;-0.03272;0.01919;296.66712;517;20151101
01/11/2015;9;0;0;1;0;5101;529;20151101
01/11/2015;10;-0.21068;-0.23854;-0.3662;-0.16398;837.37838;3;20151101
01/11/2015;10;0.05562;-0.0506;-0.06827;-0.0209;302.49166;20;20151101
01/11/2015;10;0.02371;-0.15633;0.07471;-0.10439;882.661;25;20151101
01/11/2015;10;-0.05562;0.0506;0.06827;0.0209;507.50834;28;20151101
01/11/2015;10;0.15071;-0.12538;-0.01493;-0.18193;705.65691;59;20151101
01/11/2015;10;0;0;1;0;5101;74;20151101
01/11/2015;10;-0.00174;0.03014;-0.03272;0.01919;331.66712;100;20151101
01/11/2015;10;0.00697;0.07018;0.03223;-0.10458;693.10081;128;20151101
01/11/2015;10;-0.00567;-0.07903;-0.05787;0.01419;202.8208;230;20151101
01/11/2015;10;0.10658;0.26934;0.16741;0.39717;665.10748;235;20151101
01/11/2015;10;-0.05354;-0.07098;-0.05636;0.22133;1185.76508;274;20151101
01/11/2015;10;0.01477;-0.01762;-0.10156;-0.00493;554.24177;290;20151101
01/11/2015;10;0.14168;-0.17424;-0.08647;-0.21175;778.0016;309;20151101
01/11/2015;10;-1;0;0;0;4500;385;20151101
01/11/2015;10;-0.05449;0.05409;0.05012;0.03651;511.63566;395;20151101
01/11/2015;10;0.01312;0.18667;0.08867;-0.10755;1266.76655;406;20151101
01/11/2015;10;0.11518;0.25136;0.40392;0.16634;1436.44594;426;20151101
01/11/2015;10;0.01504;0.27717;0.16214;-0.01412;1644.46985;456;20151101
01/11/2015;10;0.23566;0.18461;0.17231;0.16102;181.86015;473;20151101
01/11/2015;10;0;1;0;0;7000;474;20151101
01/11/2015;10;0;0;0;-1;4250;482;20151101
01/11/2015;11;0.14168;-0.17424;-0.08643;-0.21034;755.88284;4;20151101
01/11/2015;11;-1;0;0;0;4500;62;20151101
01/11/2015;11;0.15071;-0.12538;-0.01488;-0.1803;673.52171;77;20151101
01/11/2015;11;0.00697;0.07018;0.03221;-0.12141;767.77269;80;20151101
01/11/2015;11;0;1;0;0;7000;101;20151101
01/11/2015;11;0.01312;0.18667;0.08863;-0.09756;1294.74531;114;20151101
01/11/2015;11;-0.21068;-0.23854;-0.3663;-0.16461;862.38578;120;20151101
01/11/2015;11;0;0;0;-1;4250;122;20151101
01/11/2015;11;0.11518;0.25136;0.40405;0.16708;1393.44422;141;20151101
01/11/2015;11;-0.00567;-0.07903;-0.05784;0.01209;236.04748;189;20151101
01/11/2015;11;0.10658;0.26934;0.16735;0.39734;722.05712;204;20151101
01/11/2015;11;-0.00697;-0.07018;-0.03221;0.12141;682.22731;219;20151101
01/11/2015;11;-0.05449;0.05409;0.0501;0.03667;505.60854;221;20151101
01/11/2015;11;0.05562;-0.0506;-0.06826;-0.02132;313.53922;236;20151101
01/11/2015;11;0.01477;-0.01762;-0.10165;-0.00511;582.20973;266;20151101
01/11/2015;11;-0.05562;0.0506;0.06826;0.02132;496.46078;267;20151101
01/11/2015;11;0;0;1;0;5101;347;20151101
01/11/2015;11;0.02371;-0.15633;0.07466;-0.10499;820.6932;382;20151101
01/11/2015;11;-0.00174;0.03014;-0.03271;0.01936;348.65568;466;20151101
01/11/2015;11;0.23566;0.18461;0.17229;0.16083;153.86803;470;20151101
01/11/2015;11;0.01504;0.27717;0.16205;-0.00662;1612.66981;502;20151101
01/11/2015;12;-1;0;0;0;4500;24;20151101
01/11/2015;12;0;0;0;-1;4250;42;20151101
01/11/2015;12;0.01504;0.27717;0.16238;-0.0073;1621.92129;71;20151101
01/11/2015;12;0.23566;0.18461;0.17232;0.16133;166.83471;97;20151101
01/11/2015;12;0.10658;0.26934;0.1676;0.39543;735.38712;109;20151101
01/11/2015;12;-0.21068;-0.23854;-0.36598;-0.16505;879.6077;125;20151101
01/11/2015;12;0.01477;-0.01762;-0.10202;-0.00511;547.00401;142;20151101
01/11/2015;12;-0.05562;0.0506;0.06823;0.02134;491.4421;175;20151101
01/11/2015;12;0.11518;0.25136;0.40366;0.16756;1373.17938;179;20151101
01/11/2015;12;0.05562;-0.0506;-0.06823;-0.02134;318.5579;181;20151101
01/11/2015;12;-0.05449;0.05409;0.05013;0.03677;503.61522;214;20151101
01/11/2015;12;-0.00697;-0.07018;-0.0323;0.1188;651.43827;257;20151101
01/11/2015;12;0.15071;-0.12538;-0.01515;-0.18102;654.44359;264;20151101
01/11/2015;12;0.01312;0.18667;0.08883;-0.10055;1292.15551;348;20151101
01/11/2015;12;0.02371;-0.15633;0.07403;-0.10528;811.37192;374;20151101
01/11/2015;12;0;0;1;0;5101;375;20151101
01/11/2015;12;0.00697;0.07018;0.0323;-0.1188;798.56173;397;20151101
01/11/2015;12;-0.00174;0.03014;-0.03285;0.01941;333.57284;472;20151101
01/11/2015;12;0.14168;-0.17424;-0.08664;-0.21112;740.84408;497;20151101
01/11/2015;12;-0.00567;-0.07903;-0.05797;0.01233;256.9512;519;20151101
01/11/2015;12;0;1;0;0;7000;522;20151101
01/11/2015;13;0.01477;-0.01762;-0.10144;-0.00523;480.33849;11;20151101
01/11/2015;13;0.01312;0.18667;0.08873;-0.09526;1138.57091;23;20151101
01/11/2015;13;-0.05449;0.05409;0.05015;0.03692;501.61134;85;20151101
01/11/2015;13;-0.00174;0.03014;-0.03282;0.01955;352.57552;183;20151101
01/11/2015;13;-0.05562;0.0506;0.06828;0.02166;512.4379;195;20151101
01/11/2015;13;0;1;0;0;7000;225;20151101
01/11/2015;13;-0.21068;-0.23854;-0.36608;-0.16564;718.6111;240;20151101
01/11/2015;13;0.15071;-0.12538;-0.015;-0.18006;793.43099;244;20151101
01/11/2015;13;0.10658;0.26934;0.16749;0.39499;623.36996;247;20151101
01/11/2015;13;-0.00697;-0.07018;-0.03224;0.12935;692.41663;307;20151101
01/11/2015;13;0;0;1;0;5101;336;20151101
01/11/2015;13;0;0;0;-1;4250;352;20151101
01/11/2015;13;-1;0;0;0;4500;364;20151101
01/11/2015;13;0.02371;-0.15633;0.07463;-0.10581;830.75852;387;20151101
01/11/2015;13;0.00697;0.07018;0.03224;-0.12935;757.58337;393;20151101
01/11/2015;13;0.23566;0.18461;0.17234;0.16134;158.84483;432;20151101
01/11/2015;13;0.14168;-0.17424;-0.08653;-0.21033;856.82624;438;20151101
01/11/2015;13;-0.00567;-0.07903;-0.05791;0.01088;251.12956;461;20151101
01/11/2015;13;0.05562;-0.0506;-0.06828;-0.02166;297.5621;504;20151101
01/11/2015;14;0.23566;0.18461;0.17235;0.16063;179.92139;2;20151101
01/11/2015;14;0.01504;0.27717;0.16235;-0.00537;1544.71161;12;20151101
01/11/2015;14;-0.21068;-0.23854;-0.36597;-0.16455;752.56326;13;20151101
01/11/2015;14;0;0;0;-1;4250;41;20151101
01/11/2015;14;0.02371;-0.15633;0.07445;-0.10498;849.57544;93;20151101
01/11/2015;14;0.14168;-0.17424;-0.08659;-0.20988;837.74788;135;20151101
01/11/2015;14;-1;0;0;0;4500;138;20151101
01/11/2015;14;0;1;0;0;7000;161;20151101
01/11/2015;14;0.05562;-0.0506;-0.06827;-0.02137;310.53866;177;20151101
01/11/2015;14;0.01312;0.18667;0.08879;-0.09478;1191.55627;191;20151101
01/11/2015;14;-0.00174;0.03014;-0.03287;0.01937;323.56572;212;20151101
01/11/2015;14;-0.05562;0.0506;0.06827;0.02137;500.46134;218;20151101
01/11/2015;14;0.15071;-0.12538;-0.01509;-0.17983;774.35795;243;20151101
01/11/2015;14;0.10658;0.26934;0.16757;0.39801;662.11244;252;20151101
01/11/2015;14;-0.05449;0.05409;0.05016;0.03666;491.6429;263;20151101
01/11/2015;14;-0.00697;-0.07018;-0.03227;0.12492;685.84295;303;20151101
01/11/2015;14;0;0;1;0;5101;340;20151101
01/11/2015;14;0.00697;0.07018;0.03227;-0.12492;764.15705;446;20151101
01/11/2015;14;-0.00567;-0.07903;-0.05795;0.01172;247.02332;501;20151101
01/11/2015;14;0.01477;-0.01762;-0.10158;-0.00514;514.25165;527;20151101
01/11/2015;15;-0.21068;-0.23854;-0.36568;-0.1651;829.7795;16;20151101
01/11/2015;15;0.00697;0.07018;0.03232;-0.13728;829.42085;56;20151101
01/11/2015;15;-0.00697;-0.07018;-0.03232;0.13728;620.57915;64;20151101
01/11/2015;15;0.02371;-0.15633;0.07381;-0.10552;849.2736;106;20151101
01/11/2015;15;0.14168;-0.17424;-0.0867;-0.20866;807.56472;150;20151101
01/11/2015;15;0.05562;-0.0506;-0.06826;-0.02174;283.58122;203;20151101
01/11/2015;15;0.15071;-0.12538;-0.01511;-0.17843;745.20683;213;20151101
01/11/2015;15;0;0;1;0;5101;216;20151101
01/11/2015;15;0;0;0;-1;4250;258;20151101
01/11/2015;15;-0.00174;0.03014;-0.03289;0.01952;283.5396;294;20151101
01/11/2015;15;-1;0;0;0;4500;315;20151101
01/11/2015;15;-0.00567;-0.07903;-0.05799;0.00989;203.18408;322;20151101
01/11/2015;15;0.10658;0.26934;0.1677;0.39814;674.17172;376;20151101
01/11/2015;15;0;1;0;0;7000;409;20151101
01/11/2015;15;0.01312;0.18667;0.08887;-0.08888;1158.01075;420;20151101
01/11/2015;15;-0.05562;0.0506;0.06826;0.02174;526.41878;439;20151101
01/11/2015;15;0.01504;0.27717;0.16243;0.00121;1560.09809;440;20151101
01/11/2015;15;0.11518;0.25136;0.40326;0.16766;1410.94698;507;20151101
01/11/2015;15;0.23566;0.18461;0.17247;0.16047;211.00411;513;20151101
01/11/2015;16;0;1;0;0;7000;22;20151101
01/11/2015;16;0.14168;-0.17424;-0.0868;-0.20996;782.63912;39;20151101
01/11/2015;16;0;0;1;0;5101;63;20151101
01/11/2015;16;0;0;0;-1;4250;68;20151101
01/11/2015;16;-0.00174;0.03014;-0.03298;0.01966;267.47556;83;20151101
01/11/2015;16;0.05562;-0.0506;-0.06822;-0.0219;265.61946;124;20151101
01/11/2015;16;0.00697;0.07018;0.03236;-0.13762;822.47709;171;20151101
01/11/2015;16;-1;0;0;0;4500;249;20151101
01/11/2015;16;0.02371;-0.15633;0.07369;-0.10628;986.28288;269;20151101
01/11/2015;16;-0.00567;-0.07903;-0.05806;0.00985;184.14916;278;20151101
01/11/2015;16;0.01504;0.27717;0.16262;0.00169;1563.15573;361;20151101
01/11/2015;16;0.10658;0.26934;0.16779;0.39411;710.62476;400;20151101
01/11/2015;16;0.15071;-0.12538;-0.01534;-0.17953;714.18895;429;20151101
01/11/2015;16;0;0;-1;0;4297;434;20151101
01/11/2015;16;0.01312;0.18667;0.08898;-0.09082;1216.26591;455;20151101
01/11/2015;16;-0.05562;0.0506;0.06822;0.0219;543.38054;485;20151101
01/11/2015;16;-0.00697;-0.07018;-0.03236;0.13762;627.52291;489;20151101
01/11/2015;16;0.23565;0.18461;0.17237;0.16149;159.85232;518;20151101
01/11/2015;16;0.11518;0.25136;0.40333;0.16889;1340.8629;523;20151101
01/11/2015;17;0.00697;0.07018;0.03227;-0.13798;871.46305;14;20151101
01/11/2015;17;0.01312;0.18667;0.08879;-0.09037;1182.11527;29;20151101
01/11/2015;17;-0.05562;0.0506;0.06826;0.02188;553.40478;104;20151101
01/11/2015;17;0.05562;-0.0506;-0.06826;-0.02188;255.59522;132;20151101
01/11/2015;17;-1;0;0;0;4500;143;20151101
01/11/2015;17;0.10658;0.26933;0.16756;0.39497;678.40963;163;20151101
01/11/2015;17;0.11518;0.25136;0.40367;0.16867;1326.07394;190;20151101
01/11/2015;17;0.15071;-0.12537;-0.01509;-0.17922;682.2982;223;20151101
01/11/2015;17;0;0;1;0;5308;261;20151101
01/11/2015;17;0.14168;-0.17423;-0.08659;-0.20962;744.72313;301;20151101
01/11/2015;17;0.0734;0.02487;0.01294;0;123.65799;313;20151101
01/11/2015;17;0.08074;0.02173;0.01542;0;124.37983;335;20151101
01/11/2015;17;0.07284;0.02208;0.00677;0;124.20408;342;20151101
01/11/2015;17;0.08117;0.02286;0.01813;0;123.77801;373;20151101
01/11/2015;17;0.07258;0.02348;0.0092;0;123.88122;383;20151101
01/11/2015;17;-0.00697;-0.07018;-0.03227;0.13798;578.53695;405;20151101
01/11/2015;17;0.07759;0.01831;0.00495;0;123.96116;410;20151101
01/11/2015;17;0.07317;0.02146;0.00594;0;124.47337;423;20151101
01/11/2015;17;0.07473;0.02498;0.01472;0;123.88869;435;20151101
01/11/2015;17;0;0;-1;0;2692;436;20151101
01/11/2015;17;0.01504;0.27716;0.16233;0.00194;1517.96824;443;20151101
01/11/2015;17;0;0;0;-1;4250;460;20151101
01/11/2015;17;-0.00567;-0.07903;-0.05794;0.00976;183.22488;469;20151101
01/11/2015;17;0.07635;0.02492;0.01652;0;123.94077;476;20151101
01/11/2015;17;0;1;0;0;7000;481;20151101
01/11/2015;17;0.02371;-0.15633;0.07445;-0.10614;1092.69144;525;20151101
01/11/2015;18;0.06441;0.01265;0.02646;0;101.8708;1;20151101
01/11/2015;18;0.0798;0.03222;0.03222;0;125.57802;10;20151101
01/11/2015;18;0;0;0;-1;4250;137;20151101
01/11/2015;18;0.0771;0.01077;0.01077;0;101.53927;147;20151101
01/11/2015;18;0.1503;-0.12381;-0.01775;-0.1752;647.85045;159;20151101
01/11/2015;18;-0.28867;-0.12592;-0.21827;0;568.61915;198;20151101
01/11/2015;18;0;0;-1;0;2673;201;20151101
01/11/2015;18;0.06217;0.01333;-0.02581;0;126.19512;205;20151101
01/11/2015;18;0.07712;0.03355;0.03168;0;126.00111;229;20151101
01/11/2015;18;-0.28961;-0.1238;-0.21891;0;569.07445;232;20151101
01/11/2015;18;0.06468;0.02588;0.00186;0;125.69008;242;20151101
01/11/2015;18;0.06763;0.03165;0.01671;0;125.95398;256;20151101
01/11/2015;18;-0.00695;-0.07026;-0.03239;0.14349;577.89761;260;20151101
01/11/2015;18;-1;0;0;0;4500;276;20151101
01/11/2015;18;-0.29439;-0.13668;-0.23934;0;568.88255;279;20151101
01/11/2015;18;-0.00575;-0.07865;-0.05879;0.00902;179.92026;293;20151101
01/11/2015;18;0.08981;0.00319;-0.01314;0;125.9133;321;20151101
01/11/2015;18;-0.29581;-0.13405;-0.24072;0;569.26904;324;20151101
01/11/2015;18;0.07753;0.03339;0.03184;0;125.83186;326;20151101
01/11/2015;18;0.06973;0.03351;0.02287;0;126.39134;332;20151101
01/11/2015;18;-0.29042;-0.13202;-0.22678;0;569.14184;337;20151101
01/11/2015;18;0.01328;0.18544;0.09008;-0.08763;1068.3118;341;20151101
01/11/2015;18;0.0245;-0.15953;0.07851;-0.10931;1159.40681;349;20151101
01/11/2015;18;-0.29193;-0.13548;-0.23278;0;569.25065;355;20151101
01/11/2015;18;-0.29145;-0.12616;-0.22489;0;568.52361;358;20151101
01/11/2015;18;0.11488;0.25239;0.40057;0.1687;1414.65039;384;20151101
01/11/2015;18;0.06978;0.01148;0.01983;0;101.9183;394;20151101
01/11/2015;18;-0.05566;0.05113;0.06741;0.02257;564.95267;399;20151101
01/11/2015;18;0;0;1;0;5327;417;20151101
01/11/2015;18;0.10564;0.22687;0.34962;0.15227;1212.14363;467;20151101
01/11/2015;18;-0.28806;-0.12201;-0.21401;0;569.12205;495;20151101
01/11/2015;19;0;0;1;0;5101;9;20151101
01/11/2015;19;-0.28714;-0.11608;-0.206;0;570.78234;15;20151101
01/11/2015;19;-0.29823;-0.146;-0.25344;0;571.10899;26;20151101
01/11/2015;19;0.06937;0.03447;0.02465;0;125.71018;31;20151101
01/11/2015;19;0.06407;0.01179;0.02776;0;102.68364;37;20151101
01/11/2015;19;0;0;0;-1;4250;70;20151101
01/11/2015;19;0.05916;0.01009;-0.03544;0;126.18465;86;20151101
01/11/2015;19;0.09661;0.01142;0.01142;0;125.64661;88;20151101
01/11/2015;19;-0.00689;-0.07209;-0.03301;0.14286;557.35228;115;20151101
01/11/2015;19;0.06391;0.026;0.00152;0;125.96341;123;20151101
01/11/2015;19;0;1;0;0;7000;126;20151101
01/11/2015;19;0.15028;-0.12285;-0.01852;-0.17438;610.47195;145;20151101
01/11/2015;19;-0.29114;-0.12132;-0.21905;0;571.19554;146;20151101
01/11/2015;19;0.06716;0.03234;0.01784;0;125.94158;154;20151101
01/11/2015;19;0;0;-1;0;4160;169;20151101
01/11/2015;19;-0.29223;-0.14301;-0.23739;0;570.92054;199;20151101
01/11/2015;19;-0.28885;-0.13412;-0.22309;0;571.01881;248;20151101
01/11/2015;19;-0.28511;-0.12061;-0.20459;0;570.82062;275;20151101
01/11/2015;19;0.01538;0.25746;0.16179;-0.00282;1294.48396;282;20151101
01/11/2015;19;0.02456;-0.15704;0.07728;-0.10814;1147.88232;291;20151101
01/11/2015;19;-0.28389;-0.11233;-0.19574;0;571.0674;328;20151101
01/11/2015;19;-0.30268;-0.14045;-0.25969;0;570.91319;329;20151101
01/11/2015;19;-0.05567;0.05121;0.06739;0.02267;568.94736;331;20151101
01/11/2015;19;0.10562;0.22759;0.34809;0.15265;1246.35657;334;20151101
01/11/2015;19;0.09117;0.00132;-0.01491;0;125.90527;359;20151101
01/11/2015;19;0.06998;0.01065;0.02045;0;103.04307;442;20151101
01/11/2015;19;0.07823;0.03381;0.03381;0;125.57298;447;20151101
01/11/2015;19;0.01261;0.18303;0.08682;-0.08356;1060.18026;450;20151101
01/11/2015;19;0.07736;0.03425;0.03365;0;126.04449;492;20151101
01/11/2015;19;-1;0;0;0;4500;496;20151101
01/11/2015;19;0;-1;0;0;6000;506;20151101
01/11/2015;20;-0.0017;0.03049;-0.03341;0.01973;363.24999;5;20151101
01/11/2015;20;0.06898;0.0327;0.02272;0;123.64244;34;20151101
01/11/2015;20;0;1;0;0;7000;43;20151101
01/11/2015;20;0.10664;0.26768;0.17048;0.39525;620.76404;46;20151101
01/11/2015;20;-1;0;0;0;4500;57;20151101
01/11/2015;20;0.01538;0.25746;0.16191;-0.00519;1341.78768;151;20151101
01/11/2015;20;0.10562;0.22759;0.34797;0.15335;1209.21985;165;20151101
01/11/2015;20;-0.05567;0.05121;0.06739;0.02265;528.94936;188;20151101
01/11/2015;20;0.02456;-0.15704;0.07704;-0.10858;873.79288;192;20151101
01/11/2015;20;0.09323;0.01346;0.01346;0;123.99963;194;20151101
01/11/2015;20;0.07629;0.03219;0.03034;0;123.5683;208;20151101
01/11/2015;20;0.06515;0.02466;0.00235;0;123.53695;217;20151101
01/11/2015;20;0.15028;-0.12285;-0.01862;-0.17591;595.56935;285;20151101
01/11/2015;20;0.06892;0.01114;0.01966;0;101.28094;310;20151101
01/11/2015;20;0.06414;0.01444;-0.01898;0;123.98678;343;20151101
01/11/2015;20;0.01261;0.18303;0.0869;-0.0858;1132.44874;381;20151101
01/11/2015;20;0.09053;0.00999;0.00344;0;123.56346;391;20151101
01/11/2015;20;0;0;1;0;5101;403;20151101
01/11/2015;20;0.06721;0.03049;0.01628;0;123.81392;413;20151101
01/11/2015;20;0.08662;0.00592;-0.00921;0;124.29302;449;20151101
01/11/2015;20;-0.00689;-0.07209;-0.03304;0.13939;493.6826;484;20151101
01/11/2015;20;0.06267;0.01155;0.02741;0;101.27244;486;20151101
01/11/2015;20;0.0642;0.02526;0.02526;0;100.90186;516;20151101
01/11/2015;20;0;0;0;-1;4250;528;20151101
01/11/2015;21;0.0725;0.02529;0.01403;0;121.83943;27;20151101
01/11/2015;21;0.14158;-0.17232;-0.08964;-0.2079;770.15218;47;20151101
01/11/2015;21;0.08273;0.0223;0.02023;0;121.96925;84;20151101
01/11/2015;21;0.01604;0.2675;0.16807;-0.00632;1412.19718;95;20151101
01/11/2015;21;0.07149;0.02314;0.00859;0;122.13285;102;20151101
01/11/2015;21;0;0;0;-1;4250;119;20151101
01/11/2015;21;0.0718;0.02101;0.00477;0;121.56257;129;20151101
01/11/2015;21;0.01261;0.18303;0.08662;-0.08742;1131.45506;148;20151101
01/11/2015;21;0.10562;0.22759;0.34834;0.15415;1258.34557;152;20151101
01/11/2015;21;0.01469;-0.01866;-0.0993;-0.00587;427.50881;202;20151101
01/11/2015;21;0.07654;0.02505;0.01833;0;121.85299;211;20151101
01/11/2015;21;-0.0017;0.03049;-0.03318;0.01982;270.36887;239;20151101
01/11/2015;21;0;0;1;0;5101;255;20151101
01/11/2015;21;0.10664;0.26768;0.17015;0.39208;643.89756;296;20151101
01/11/2015;21;-0.05567;0.05121;0.06745;0.02273;521.97472;339;20151101
01/11/2015;21;0.05567;-0.05121;-0.06745;-0.02273;286.02528;370;20151101
01/11/2015;21;0.07804;0.01688;0.00401;0;121.99832;398;20151101
01/11/2015;21;0.02456;-0.15704;0.0781;-0.10912;975.43624;416;20151101
01/11/2015;21;0.08198;0.02086;0.01651;0;122.15668;421;20151101
01/11/2015;21;0.07202;0.02471;0.01232;0;122.09505;431;20151101
01/11/2015;21;0.15028;-0.12285;-0.01823;-0.17694;690.88919;444;20151101
01/11/2015;21;-1;0;0;0;4500;479;20151101
01/11/2015;21;0.07225;0.01992;0.00316;0;122.26971;483;20151101
01/11/2015;21;0.00689;0.07209;0.03292;-0.13855;884.16668;487;20151101
01/11/2015;21;-0.21039;-0.24024;-0.36211;-0.16794;751.66743;509;20151101
01/11/2015;21;-0.00689;-0.07209;-0.03292;0.13855;567.83332;512;20151101
01/11/2015;22;0.07688;0.02217;0.01287;0;122.25969;36;20151101
01/11/2015;22;0.14158;-0.17232;-0.08931;-0.20796;755.34166;65;20151101
01/11/2015;22;-1;0;0;0;4500;67;20151101
01/11/2015;22;0.15028;-0.12285;-0.01792;-0.17701;676.06855;69;20151101
01/11/2015;22;0.07718;0.02269;0.01424;0;121.91211;103;20151101
01/11/2015;22;0.05468;-0.05447;-0.04999;-0.03762;289.38973;173;20151101
01/11/2015;22;0.05567;-0.05121;-0.06739;-0.02272;285.05764;215;20151101
01/11/2015;22;-0.05567;0.05121;0.06739;0.02272;523.94236;281;20151101
01/11/2015;22;0.10664;0.26768;0.16968;0.392;697.64424;284;20151101
01/11/2015;22;0.01261;0.18303;0.0863;-0.08863;1169.39814;288;20151101
01/11/2015;22;0.07352;0.02207;0.00871;0;121.88639;292;20151101
01/11/2015;22;0.07531;0.02096;0.00863;0;121.66317;297;20151101
01/11/2015;22;0.07357;0.0236;0.01176;0;121.74439;312;20151101
01/11/2015;22;0.02456;-0.15704;0.07862;-0.10913;857.72636;323;20151101
01/11/2015;22;0;0;0;-1;4250;386;20151101
01/11/2015;22;0.10562;0.22759;0.34912;0.15415;1187.77925;389;20151101
01/11/2015;22;0.07343;0.02342;0.01126;0;121.52523;390;20151101
01/11/2015;22;-0.00689;-0.07209;-0.03278;0.13735;595.03116;401;20151101
01/11/2015;22;-0.0017;0.03049;-0.03299;0.01982;194.47451;404;20151101
01/11/2015;22;0.07489;0.02364;0.01341;0;121.89987;425;20151101
01/11/2015;22;0.00689;0.07209;0.03278;-0.13735;855.96884;445;20151101
01/11/2015;22;0.11488;0.25333;0.40002;0.17086;1382.24609;457;20151101
01/11/2015;22;0.01604;0.2675;0.16753;-0.0065;1502.91494;491;20151101
01/11/2015;22;0;0;1;0;5101;494;20151101
01/11/2015;22;0.07328;0.02296;0.01019;0;121.95996;526;20151101
01/11/2015;23;-1;0;0;0;4500;52;20151101
01/11/2015;23;-0.0017;0.03049;-0.03309;0.01935;187.46591;60;20151101
01/11/2015;23;0;0;1;0;5101;78;20151101
01/11/2015;23;-0.00689;-0.07209;-0.03282;0.11575;782.16892;87;20151101
01/11/2015;23;0.05567;-0.05121;-0.06736;-0.02188;243.99032;99;20151101
01/11/2015;23;0.14158;-0.17232;-0.0894;-0.20845;853.34062;133;20151101
01/11/2015;23;0.05468;-0.05447;-0.05004;-0.03706;272.30593;157;20151101
01/11/2015;23;0.11488;0.25333;0.40015;0.16815;1514.58937;187;20151101
01/11/2015;23;0.01604;0.2675;0.16772;-0.01796;1347.16658;197;20151101
01/11/2015;23;0;0;0;-1;4250;222;20151101
01/11/2015;23;0.02063;0.11584;0.05722;0.38225;1146.08329;231;20151101
01/11/2015;23;0;-1;0;0;6000;330;20151101
01/11/2015;23;0.02456;-0.15704;0.07856;-0.10734;854.514;344;20151101
01/11/2015;23;0.01261;0.18303;0.0864;-0.09631;1074.22174;353;20151101
01/11/2015;23;0.15028;-0.12285;-0.01816;-0.17807;807.04111;464;20151101
01/11/2015;23;-0.05567;0.05121;0.06736;0.02188;565.00968;503;20151101
01/11/2015;23;0.10664;0.26768;0.16976;0.39692;583.19672;508;20151101
01/11/2015;23;0.23561;0.1845;0.17241;0.16057;151.97605;511;20151101
01/11/2015;24;0.05567;-0.04939;-0.06736;-0.02053;267.08282;53;20151101
01/11/2015;24;-0.05567;0.04939;0.06736;0.02053;541.91718;79;20151101
01/11/2015;24;0;0;0;-1;4250;82;20151101
01/11/2015;24;-0.21039;-0.23584;-0.36275;-0.1629;699.35759;90;20151101
01/11/2015;24;0.02456;-0.16256;0.07809;-0.10522;809.35068;108;20151101
01/11/2015;24;0.23561;0.18415;0.17251;0.16039;187.0059;112;20151101
01/11/2015;24;0.01469;-0.01696;-0.10003;-0.00494;351.22243;156;20151101
01/11/2015;24;0.05468;-0.05364;-0.05004;-0.03642;292.34568;168;20151101
01/11/2015;24;-0.01604;-0.26827;-0.16785;0.03948;1494.51289;174;20151101
01/11/2015;24;0;-1;0;0;6000;180;20151101
01/11/2015;24;0;0;1;0;5101;253;20151101
01/11/2015;24;0.15028;-0.12828;-0.01823;-0.18202;834.71844;277;20151101
01/11/2015;24;0.01604;0.26827;0.16785;-0.03948;1391.48711;308;20151101
01/11/2015;24;0.14158;-0.17659;-0.0895;-0.21162;885.06827;367;20151101
01/11/2015;24;0.01261;0.18994;0.0865;-0.11117;1178.62709;369;20151101
01/11/2015;24;0.10664;0.27227;0.1699;0.39936;610.60431;428;20151101
01/11/2015;24;-0.0017;0.02964;-0.03315;0.0187;191.3913;453;20151101
01/11/2015;24;-0.05377;-0.06655;-0.05699;0.25965;1341.27018;463;20151101
01/11/2015;24;-1;0;0;0;4500;515;20151101
02/11/2015;1;-0.00185;0.02985;-0.03269;0.01893;206.93146;86;20151102
02/11/2015;1;-0.09313;0.22622;0.09093;0.28006;1115.43723;103;20151102
02/11/2015;1;0.05696;-0.0498;-0.0676;-0.02107;311.41504;136;20151102
02/11/2015;1;0.15441;-0.12541;-0.01768;-0.17785;879.43383;163;20151102
02/11/2015;1;0.23987;0.18494;0.17348;0.16006;252.18548;223;20151102
02/11/2015;1;0.10081;0.21907;0.13978;0.34526;581.96225;232;20151102
02/11/2015;1;0.02413;-0.14595;0.07954;-0.10142;867.88895;240;20151102
02/11/2015;1;0;0;1;0;5101;335;20151102
02/11/2015;1;-0.05418;-0.06474;-0.05722;0.23319;1250.38644;353;20151102
02/11/2015;1;0.01728;0.2618;0.16835;-0.02644;1155.08601;368;20151102
02/11/2015;1;0.14546;-0.17435;-0.08897;-0.20783;919.12672;375;20151102
02/11/2015;1;0.10907;0.2712;0.17044;0.40321;638.57318;381;20151102
02/11/2015;1;-1;0;0;0;4500;435;20151102
02/11/2015;1;0.01322;0.18652;0.08661;-0.09819;1153.83143;450;20151102
02/11/2015;1;-0.0071;-0.07961;-0.03275;0.10192;764.96844;476;20151102
02/11/2015;1;0;-1;0;0;6000;484;20151102
02/11/2015;1;0.05614;-0.05368;-0.05035;-0.03649;327.20219;501;20151102
02/11/2015;1;-0.21579;-0.23818;-0.36272;-0.16338;623.38612;519;20151102
02/11/2015;1;0.0149;-0.01913;-0.10065;-0.00545;416.5523;521;20151102
02/11/2015;1;-0.05696;0.0498;0.0676;0.02107;498.58496;530;20151102
02/11/2015;1;0;0;0;-1;4250;559;20151102
02/11/2015;2;0;0;1;0;5101;3;20151102
02/11/2015;2;0.05696;-0.0498;-0.0675;-0.0204;302.42178;45;20151102
02/11/2015;2;-0.05696;0.0498;0.0675;0.0204;509.57822;47;20151102
02/11/2015;2;0.01322;0.18652;0.08632;-0.10205;1200.86556;54;20151102
02/11/2015;2;0.01728;0.2618;0.16758;-0.03493;1209.12738;62;20151102
02/11/2015;2;-0.09313;0.22622;0.09022;0.28003;1123.25702;110;20151102
02/11/2015;2;-0.00435;-0.07175;-0.04796;0.0111;435.39185;122;20151102
02/11/2015;2;0;0;0;-1;4250;131;20151102
02/11/2015;2;-0.05418;-0.06474;-0.0571;0.24989;1236.94944;144;20151102
02/11/2015;2;-0.21579;-0.23818;-0.36302;-0.16121;740.24886;187;20151102
02/11/2015;2;0.10081;0.21907;0.1395;0.35053;648.74329;214;20151102
02/11/2015;2;-1;0;0;0;4500;231;20151102
02/11/2015;2;-0.00185;0.02985;-0.0327;0.01854;244.93983;263;20151102
02/11/2015;2;0;-1;0;0;6000;295;20151102
02/11/2015;2;-0.0071;-0.07961;-0.03267;0.08689;769.40968;301;20151102
02/11/2015;2;0.02413;-0.14595;0.07759;-0.09987;906.3483;343;20151102
02/11/2015;2;0.15441;-0.12541;-0.01706;-0.1782;908.60173;474;20151102
02/11/2015;2;0.10907;0.2712;0.17006;0.40836;716.33208;496;20151102
02/11/2015;2;0.14546;-0.17435;-0.08875;-0.20768;938.17862;497;20151102
02/11/2015;2;0.05614;-0.05368;-0.05002;-0.03599;315.27234;500;20151102
02/11/2015;2;-0.02102;-0.12146;-0.05714;-0.32683;1190.81908;545;20151102
02/11/2015;3;0.01728;0.2618;0.1673;-0.03458;1225.04618;32;20151102
02/11/2015;3;-1;0;0;0;4500;35;20151102
02/11/2015;3;0.05696;-0.0498;-0.06746;-0.02043;270.43282;95;20151102
02/11/2015;3;-0.00435;-0.07175;-0.04787;0.01102;406.41704;126;20151102
02/11/2015;3;0;0;1;0;5101;160;20151102
02/11/2015;3;0.10907;0.2712;0.16984;0.40809;692.28354;191;20151102
02/11/2015;3;0;-1;0;0;6000;246;20151102
02/11/2015;3;-0.09313;0.22622;0.08996;0.28006;1111.18988;267;20151102
02/11/2015;3;0.05614;-0.05368;-0.04993;-0.03601;291.29585;285;20151102
02/11/2015;3;0.02413;-0.14595;0.07765;-0.09995;985.36584;341;20151102
02/11/2015;3;-0.05418;-0.06474;-0.05705;0.24958;1252.97087;361;20151102
02/11/2015;3;-0.02102;-0.12146;-0.05704;-0.3297;1204.92494;414;20151102
02/11/2015;3;0;0;0;-1;4250;440;20151102
02/11/2015;3;0.15441;-0.12541;-0.01687;-0.1782;907.65018;447;20151102
02/11/2015;3;0.10081;0.21907;0.13933;0.35024;628.70806;458;20151102
02/11/2015;3;-0.00185;0.02985;-0.03262;0.01855;149.95995;470;20151102
02/11/2015;3;0.01322;0.18652;0.08616;-0.10238;1165.834;502;20151102
02/11/2015;3;-0.05696;0.0498;0.06746;0.02043;540.56718;543;20151102
02/11/2015;3;0.14546;-0.17435;-0.08861;-0.20771;928.21516;554;20151102
02/11/2015;4;0;0;1;0;5101;30;20151102
02/11/2015;4;-0.09313;0.22622;0.09026;0.27983;1107.27282;40;20151102
02/11/2015;4;-0.05696;0.0498;0.06754;0.02062;535.58226;67;20151102
02/11/2015;4;0;0;0;-1;4250;99;20151102
02/11/2015;4;0.02413;-0.14595;0.07775;-0.10031;987.40142;188;20151102
02/11/2015;4;0.10175;-0.18847;-0.06504;-0.25878;1060.79689;256;20151102
02/11/2015;4;0.00985;0.02273;0.01437;0.14571;507.31452;269;20151102
02/11/2015;4;-1;0;0;0;4500;309;20151102
02/11/2015;4;0.10081;0.21907;0.13959;0.34916;660.8046;315;20151102
02/11/2015;4;0.15441;-0.12541;-0.01707;-0.17794;911.5919;350;20151102
02/11/2015;4;0.01728;0.2618;0.16768;-0.03208;1188.07308;372;20151102
02/11/2015;4;0.05696;-0.0498;-0.06754;-0.02062;275.41774;401;20151102
02/11/2015;4;0.01322;0.18652;0.08637;-0.09393;1127.65095;406;20151102
02/11/2015;4;-0.0071;-0.07961;-0.03269;0.09755;693.1061;412;20151102
02/11/2015;4;-0.00185;0.02985;-0.03274;0.01866;147.92627;429;20151102
02/11/2015;4;0.14546;-0.17435;-0.08881;-0.20758;937.16052;479;20151102
02/11/2015;4;0.05614;-0.05368;-0.05004;-0.03614;293.27144;535;20151102
02/11/2015;4;0;-1;0;0;6000;536;20151102
02/11/2015;4;0.10907;0.2712;0.17016;0.40699;724.39594;561;20151102
02/11/2015;5;0.01322;0.18652;0.08651;-0.09669;1206.76393;55;20151102
02/11/2015;5;0.01728;0.2618;0.16791;-0.02808;1191.01973;82;20151102
02/11/2015;5;0;0;0;-1;4250;104;20151102
02/11/2015;5;0;0;-1;0;4116;128;20151102
02/11/2015;5;-0.0071;-0.07961;-0.03275;0.10065;704.004;153;20151102
02/11/2015;5;-0.09313;0.22622;0.09051;0.27973;1152.33937;215;20151102
02/11/2015;5;0.14546;-0.17435;-0.08896;-0.20756;910.12171;289;20151102
02/11/2015;5;0.02413;-0.14595;0.07733;-0.101;1041.31364;304;20151102
02/11/2015;5;0.15441;-0.12541;-0.01727;-0.17771;877.53446;319;20151102
02/11/2015;5;0.05614;-0.05368;-0.05005;-0.03635;302.27477;331;20151102
02/11/2015;5;-0.05696;0.0498;0.06751;0.02092;519.56621;354;20151102
02/11/2015;5;-1;0;0;0;4500;394;20151102
02/11/2015;5;-0.21579;-0.23818;-0.36256;-0.16278;804.41012;413;20151102
02/11/2015;5;0;-1;0;0;6000;455;20151102
02/11/2015;5;0;0;1;0;5101;468;20151102
02/11/2015;5;0.10175;-0.18847;-0.06527;-0.25826;1022.72368;477;20151102
02/11/2015;5;0;0;0;1;4250;481;20151102
02/11/2015;5;-0.00185;0.02985;-0.03285;0.01883;184.89346;492;20151102
02/11/2015;5;0.05696;-0.0498;-0.06751;-0.02092;290.43379;526;20151102
02/11/2015;5;0.10081;0.21907;0.13972;0.34703;682.89739;533;20151102
02/11/2015;5;0.10907;0.2712;0.17033;0.4049;753.49781;574;20151102
02/11/2015;6;0;0;0;-1;4250;21;20151102
02/11/2015;6;-0.0071;-0.07961;-0.0327;0.11943;628.49091;98;20151102
02/11/2015;6;-0.00185;0.02985;-0.03262;0.01926;168.94007;146;20151102
02/11/2015;6;0.02413;-0.14595;0.07887;-0.10256;823.75002;229;20151102
02/11/2015;6;0.15441;-0.12541;-0.01721;-0.17679;858.524;266;20151102
02/11/2015;6;0.05696;-0.0498;-0.06763;-0.02167;309.42419;302;20151102
02/11/2015;6;-0.05696;0.0498;0.06763;0.02167;501.57581;323;20151102
02/11/2015;6;0.10175;-0.18847;-0.06521;-0.25675;995.6967;332;20151102
02/11/2015;6;0.05614;-0.05368;-0.05019;-0.03686;314.25335;357;20151102
02/11/2015;6;0.01322;0.18652;0.08645;-0.09051;1159.57559;370;20151102
02/11/2015;6;-1;0;0;0;4500;403;20151102
02/11/2015;6;0.10907;0.2712;0.17029;0.40037;790.61445;415;20151102
02/11/2015;6;-0.09313;0.22622;0.09045;0.279;1186.34451;427;20151102
02/11/2015;6;0.01728;0.2618;0.16793;-0.01784;1240.73811;503;20151102
02/11/2015;6;0;0;1;0;5101;517;20151102
02/11/2015;6;0.14546;-0.17435;-0.08885;-0.20717;897.13884;527;20151102
02/11/2015;7;0.14546;-0.17435;-0.08877;-0.20733;917.16372;6;20151102
02/11/2015;7;0;0;1;0;5101;48;20151102
02/11/2015;7;-0.05696;0.04981;0.06765;0.02149;457.5867;63;20151102
02/11/2015;7;0.15441;-0.12541;-0.01725;-0.17707;869.52164;77;20151102
02/11/2015;7;-0.05614;0.05368;0.05026;0.03674;451.76786;90;20151102
02/11/2015;7;0.01322;0.18652;0.0864;-0.09356;1185.64824;114;20151102
02/11/2015;7;-0.0071;-0.0796;-0.03268;0.11356;583.66112;137;20151102
02/11/2015;7;0.0103;-0.07301;0.00568;-0.04;197.98205;178;20151102
02/11/2015;7;-0.00185;0.02985;-0.03253;0.01915;196.9661;180;20151102
02/11/2015;7;0.10907;0.2712;0.1702;0.40131;767.56518;197;20151102
02/11/2015;7;-0.0042;0.06233;-0.00989;0.05477;280.88764;252;20151102
02/11/2015;7;0.01727;0.2618;0.16792;-0.02038;1185.8097;299;20151102
02/11/2015;7;-1;0;0;0;4500;306;20151102
02/11/2015;7;0.10081;0.21907;0.13961;0.34345;686.96958;449;20151102
02/11/2015;7;-0.09313;0.22621;0.09045;0.27926;1190.33648;469;20151102
02/11/2015;7;0.05696;-0.04981;-0.06765;-0.02149;355.4133;523;20151102
02/11/2015;7;0;0;0;-1;4250;539;20151102
02/11/2015;7;0;0;-1;0;3113;560;20151102
02/11/2015;8;-0.0046;-0.1108;-0.06483;0.00339;254.45263;13;20151102
02/11/2015;8;0.15372;-0.09274;-0.00366;-0.15867;973.13052;41;20151102
02/11/2015;8;-1;0;0;0;4500;91;20151102
02/11/2015;8;0.1598;-0.13537;-0.18377;-0.08264;847.04022;94;20151102
02/11/2015;8;0;0;1;0;5101;96;20151102
02/11/2015;8;0;0;-1;0;2941;123;20151102
02/11/2015;8;-0.0077;-0.10184;-0.0441;0.11384;660.25438;196;20151102
02/11/2015;8;-0.03898;0.04143;0.05329;0.01434;393.06664;208;20151102
02/11/2015;8;0.1114;0.28132;0.17549;0.43017;634.16139;227;20151102
02/11/2015;8;0.01677;0.27628;0.14491;-0.09571;887.28839;238;20151102
02/11/2015;8;0;0;0;-1;4250;253;20151102
02/11/2015;8;0.00907;-0.08136;0.00937;-0.04152;324.71077;358;20151102
02/11/2015;8;0.01675;-0.02349;-0.10426;-0.00627;256.76901;388;20151102
02/11/2015;8;-0.00625;0.05331;-0.02793;0.06519;129.93828;432;20151102
02/11/2015;8;0.25637;-0.01422;0.07565;-0.08466;1049.17099;480;20151102
02/11/2015;8;0.23975;0.16401;0.15832;0.13884;279.38033;491;20151102
02/11/2015;8;0.1595;-0.14068;-0.07192;-0.18365;982.0826;578;20151102
02/11/2015;9;0.01677;0.27645;0.14467;-0.09049;876.09378;4;20151102
02/11/2015;9;-0.0046;-0.11088;-0.0647;0.00189;332.52178;5;20151102
02/11/2015;9;0.01977;-0.15623;0.07194;-0.10286;1121.53699;11;20151102
02/11/2015;9;0;0;0;-1;4250;58;20151102
02/11/2015;9;0.1598;-0.13531;-0.18434;-0.08346;826.92233;59;20151102
02/11/2015;9;0.01676;-0.02335;-0.1039;-0.00637;137.87109;111;20151102
02/11/2015;9;-0.30832;-0.12779;-0.22356;0;612.52059;130;20151102
02/11/2015;9;-0.31125;-0.14855;-0.24545;0;613.2665;159;20151102
02/11/2015;9;-0.31485;-0.16105;-0.26289;0;612.969;199;20151102
02/11/2015;9;-0.31242;-0.13034;-0.2349;0;612.67584;207;20151102
02/11/2015;9;-1;0;0;0;4500;217;20151102
02/11/2015;9;0;0;1;0;5101;261;20151102
02/11/2015;9;-0.31447;-0.13509;-0.24309;0;612.85024;300;20151102
02/11/2015;9;-0.32432;-0.15902;-0.28332;0;612.77154;336;20151102
02/11/2015;9;-0.03898;0.04141;0.05337;0.01465;391.07686;362;20151102
02/11/2015;9;-0.0077;-0.10191;-0.044;0.1223;620.03775;451;20151102
02/11/2015;9;-0.3105;-0.14576;-0.24169;0;613.20805;471;20151102
02/11/2015;9;0.15372;-0.09285;-0.00333;-0.15886;955.21174;472;20151102
02/11/2015;9;-0.30734;-0.1276;-0.22115;0;612.85343;495;20151102
02/11/2015;9;0.1595;-0.14077;-0.07179;-0.18415;967.123;511;20151102
02/11/2015;9;0.23975;0.16401;0.15855;0.13971;199.41462;551;20151102
02/11/2015;9;-0.00625;0.05335;-0.02797;0.0669;233.8832;567;20151102
02/11/2015;10;0.01676;-0.02335;-0.1042;-0.00617;142.78899;37;20151102
02/11/2015;10;0;0;1;0;5101;75;20151102
02/11/2015;10;0.01977;-0.15623;0.0717;-0.10169;981.44303;113;20151102
02/11/2015;10;-0.31466;-0.14795;-0.24766;0;617.77777;121;20151102
02/11/2015;10;0;0;0;-1;4250;166;20151102
02/11/2015;10;-1;0;0;0;4500;170;20151102
02/11/2015;10;-0.31735;-0.15733;-0.26071;0;617.5589;194;20151102
02/11/2015;10;0.01543;0.26511;0.16609;-0.04799;839.92006;219;20151102
02/11/2015;10;0.01677;0.27645;0.14472;-0.09899;894.34453;224;20151102
02/11/2015;10;-0.31584;-0.13791;-0.24306;0;618.06013;226;20151102
02/11/2015;10;0.15372;-0.09285;-0.00337;-0.15963;923.2231;326;20151102
02/11/2015;10;-0.03898;0.04141;0.05335;0.01426;373.08268;371;20151102
02/11/2015;10;0.23975;0.16401;0.15854;0.13923;160.42551;390;20151102
02/11/2015;10;-0.0046;-0.11088;-0.06473;0.00412;412.45169;405;20151102
02/11/2015;10;-0.32336;-0.1564;-0.27393;0;618.07257;461;20151102
02/11/2015;10;-0.0077;-0.1019;-0.04402;0.11013;545.37416;463;20151102
02/11/2015;10;-0.31714;-0.14086;-0.24823;0;617.91313;489;20151102
02/11/2015;10;-0.31241;-0.1358;-0.2336;0;617.59482;557;20151102
02/11/2015;10;-0.31284;-0.13534;-0.23426;0;617.59088;572;20151102
02/11/2015;11;-0.0077;-0.10191;-0.04402;0.11012;618.37369;9;20151102
02/11/2015;11;0.01543;0.26512;0.16609;-0.04799;816.92081;44;20151102
02/11/2015;11;0.01677;0.27646;0.14472;-0.09898;894.345;53;20151102
02/11/2015;11;0;0;0;-1;4250;107;20151102
02/11/2015;11;0.23975;0.16401;0.15847;0.13923;185.40766;118;20151102
02/11/2015;11;-0.3113;-0.14881;-0.24051;0;617.5218;148;20151102
02/11/2015;11;0.01977;-0.15622;0.07171;-0.10168;1144.44605;152;20151102
02/11/2015;11;-0.334;-0.17247;-0.31027;0;617.8139;177;20151102
02/11/2015;11;0.15979;-0.1353;-0.18417;-0.08266;799.94705;182;20151102
02/11/2015;11;-0.26036;-0.13939;-0.22559;0;502.64902;184;20151102
02/11/2015;11;0.01676;-0.02334;-0.10425;-0.00617;138.77699;189;20151102
02/11/2015;11;-0.31702;-0.16797;-0.26771;0;617.87624;228;20151102
02/11/2015;11;0;0;1;0;5101;236;20151102
02/11/2015;11;0;-1;0;0;6000;255;20151102
02/11/2015;11;-0.30655;-0.12211;-0.21008;0;617.84945;258;20151102
02/11/2015;11;-0.30777;-0.12182;-0.21267;0;617.57919;310;20151102
02/11/2015;11;-0.00888;-0.13378;-0.09861;0.02138;543.90407;312;20151102
02/11/2015;11;-0.25772;-0.10685;-0.19578;0;502.89379;322;20151102
02/11/2015;11;-0.03898;0.04141;0.05333;0.01426;391.07758;338;20151102
02/11/2015;11;-0.31513;-0.16295;-0.25967;0;617.73216;369;20151102
02/11/2015;11;0.15372;-0.09286;-0.00342;-0.15964;997.20988;374;20151102
02/11/2015;11;-0.31885;-0.17037;-0.27367;0;617.7291;387;20151102
02/11/2015;11;-0.22609;-0.2656;-0.38861;-0.16986;416.01971;408;20151102
02/11/2015;11;-0.31363;-0.12398;-0.2278;0;618.32876;416;20151102
02/11/2015;11;-0.0046;-0.11089;-0.06473;0.00411;437.45122;418;20151102
02/11/2015;11;0.1595;-0.14077;-0.07182;-0.18459;1000.12767;462;20151102
02/11/2015;11;-1;0;0;0;4500;506;20151102
02/11/2015;11;-0.31857;-0.1701;-0.27283;0;617.87899;556;20151102
02/11/2015;12;-0.25251;-0.12078;-0.19467;0;501.55867;10;20151102
02/11/2015;12;-0.30798;-0.12365;-0.21602;0;616.65111;36;20151102
02/11/2015;12;0.09748;0.02006;0.02299;0;137.92799;50;20151102
02/11/2015;12;-0.25736;-0.13659;-0.21742;0;502.03637;61;20151102
02/11/2015;12;0.10609;0.01348;0.00359;0;148.88727;64;20151102
02/11/2015;12;0.00974;0.0227;0.01421;0.1284;286.78937;65;20151102
02/11/2015;12;-0.25959;-0.13952;-0.2247;0;501.63368;80;20151102
02/11/2015;12;-0.0077;-0.1019;-0.04395;0.12174;661.06693;106;20151102
02/11/2015;12;0.01977;-0.15623;0.07184;-0.10254;1025.50253;129;20151102
02/11/2015;12;0.09617;0.0128;-0.00949;0;149.49671;132;20151102
02/11/2015;12;0.0941;0.02208;0.02714;0;138.1585;145;20151102
02/11/2015;12;-0.03898;0.04141;0.05332;0.01461;403.06523;156;20151102
02/11/2015;12;-0.31631;-0.13313;-0.2422;0;616.77987;190;20151102
02/11/2015;12;-0.26886;-0.13597;-0.24357;0;501.88762;216;20151102
02/11/2015;12;0.10272;0.01289;-0.00156;0;148.54751;222;20151102
02/11/2015;12;0.01676;-0.02334;-0.10423;-0.00635;196.78713;230;20151102
02/11/2015;12;0.09511;0.02426;0.01183;0;149.11293;242;20151102
02/11/2015;12;0.09734;0.03021;0.0262;0;148.55007;251;20151102
02/11/2015;12;0;0;0;-1;4250;290;20151102
02/11/2015;12;-1;0;0;0;4500;292;20151102
02/11/2015;12;-0.25519;-0.13124;-0.20849;0;502.05943;324;20151102
02/11/2015;12;-0.32025;-0.17205;-0.27965;0;616.501;355;20151102
02/11/2015;12;-0.25548;-0.10471;-0.18984;0;501.89251;395;20151102
02/11/2015;12;-0.2593;-0.13932;-0.22389;0;501.76765;396;20151102
02/11/2015;12;-0.0046;-0.1109;-0.06465;0.00182;366.53499;421;20151102
02/11/2015;12;0.01677;0.27644;0.14451;-0.09047;876.05167;423;20151102
02/11/2015;12;0.09576;0.02713;0.01827;0;148.77408;426;20151102
02/11/2015;12;0.10042;0.01936;0.01936;0;138.06196;452;20151102
02/11/2015;12;0.09305;0.02679;0.02836;0;138.13995;483;20151102
02/11/2015;12;0.09382;0.02739;0.02739;0;137.70506;490;20151102
02/11/2015;12;-0.00888;-0.13379;-0.0985;0.01853;504.01117;512;20151102
02/11/2015;12;0;0;1;0;5101;540;20151102
02/11/2015;12;-0.24944;-0.09996;-0.17241;0;501.86933;552;20151102
02/11/2015;13;0.01543;0.26513;0.16595;-0.04456;867.78982;1;20151102
02/11/2015;13;0.15979;-0.13531;-0.18406;-0.08272;739.97603;14;20151102
02/11/2015;13;-0.25363;-0.12834;-0.20084;0;503.75656;39;20151102
02/11/2015;13;-0.0046;-0.1109;-0.06466;0.00309;402.49688;71;20151102
02/11/2015;13;0.0986;0.0262;0.019;0;150.0328;108;20151102
02/11/2015;13;-0.2583;-0.1055;-0.19502;0;504.364;124;20151102
02/11/2015;13;0.10203;0.01883;0.00854;0;149.77689;158;20151102
02/11/2015;13;-0.26486;-0.14637;-0.23997;0;503.81762;200;20151102
02/11/2015;13;-0.22607;-0.2656;-0.38892;-0.16987;447.9349;237;20151102
02/11/2015;13;0.01977;-0.15623;0.07202;-0.10181;1140.52799;241;20151102
02/11/2015;13;0;0;0;-1;4250;250;20151102
02/11/2015;13;-0.00888;-0.13379;-0.09853;0.02007;529.9604;265;20151102
02/11/2015;13;0.10499;0.0241;0.02241;0;149.81507;270;20151102
02/11/2015;13;-0.25779;-0.13874;-0.21804;0;503.84688;274;20151102
02/11/2015;13;0.10445;0.02544;0.02444;0;149.5963;296;20151102
02/11/2015;13;0.10383;0.01908;0.01116;0;149.92014;297;20151102
02/11/2015;13;0;0;1;0;5101;320;20151102
02/11/2015;13;0.10184;0.02733;0.02507;0;149.68692;345;20151102
02/11/2015;13;-1;0;0;0;4500;346;20151102
02/11/2015;13;-0.2483;-0.0962;-0.1651;0;503.6711;356;20151102
02/11/2015;13;-0.0077;-0.1019;-0.04395;0.11649;647.21393;366;20151102
02/11/2015;13;0.09944;0.02747;0.0225;0;149.76687;376;20151102
02/11/2015;13;-0.25208;-0.12235;-0.19291;0;503.75986;393;20151102
02/11/2015;13;0.00974;0.0227;0.01421;0.12937;287.76221;407;20151102
02/11/2015;13;0;-1;0;0;6000;411;20151102
02/11/2015;13;0.09876;0.01929;0.00558;0;150.04413;417;20151102
02/11/2015;13;-0.2555;-0.10001;-0.18453;0;503.6051;419;20151102
02/11/2015;13;0.01676;-0.02334;-0.10436;-0.00624;184.7509;443;20151102
02/11/2015;13;-0.03898;0.04141;0.0533;0.01438;416.06657;478;20151102
02/11/2015;13;-0.27195;-0.15008;-0.24033;0;523.58875;487;20151102
02/11/2015;13;-0.00626;0.05329;-0.02801;0.06548;212.91128;509;20151102
02/11/2015;13;0.01677;0.27644;0.14455;-0.09318;882.13775;525;20151102
02/11/2015;13;-0.26238;-0.14498;-0.23321;0;503.89671;531;20151102
02/11/2015;13;-0.27426;-0.14405;-0.26003;0;503.71512;555;20151102
02/11/2015;14;0;0;0;-1;4250;17;20151102
02/11/2015;14;-0.32609;-0.15993;-0.28101;0;619.82688;23;20151102
02/11/2015;14;0;0;1;0;5101;34;20151102
02/11/2015;14;0.01977;-0.15623;0.07228;-0.1018;1102.59401;38;20151102
02/11/2015;14;0.1013;0.02613;0.02209;0;150.0001;46;20151102
02/11/2015;14;0.01677;0.27644;0.14427;-0.09319;881.06663;56;20151102
02/11/2015;14;-1;0;0;0;4500;79;20151102
02/11/2015;14;0.15372;-0.09285;-0.00315;-0.15867;903.25232;81;20151102
02/11/2015;14;-0.0077;-0.10189;-0.04387;0.11649;593.23508;84;20151102
02/11/2015;14;-0.0046;-0.1109;-0.06452;0.00309;347.53258;87;20151102
02/11/2015;14;-0.31647;-0.13587;-0.24124;0;619.86749;120;20151102
02/11/2015;14;-0.31839;-0.16485;-0.26679;0;619.75858;183;20151102
02/11/2015;14;0.15979;-0.13531;-0.1843;-0.08272;778.91483;198;20151102
02/11/2015;14;0.10011;0.02309;0.01469;0;150.24448;213;20151102
02/11/2015;14;-0.00626;0.05329;-0.02799;0.06548;191.91638;221;20151102
02/11/2015;14;0.10025;0.02606;0.02073;0;149.96515;276;20151102
02/11/2015;14;0.01676;-0.02334;-0.10428;-0.00624;243.7713;284;20151102
02/11/2015;14;0.10279;0.02461;0.02087;0;150.12502;291;20151102
02/11/2015;14;0.00974;0.0227;0.01419;0.12937;291.75711;328;20151102
02/11/2015;14;-0.31407;-0.14955;-0.24565;0;619.99214;410;20151102
02/11/2015;14;0.10256;0.02525;0.02185;0;150.49238;439;20151102
02/11/2015;14;-0.31819;-0.13957;-0.24791;0;620.40858;442;20151102
02/11/2015;14;0.10128;0.02267;0.01526;0;150.00499;459;20151102
02/11/2015;14;0.00908;-0.0816;0.00997;-0.04171;463.84807;465;20151102
02/11/2015;14;0.09989;0.02555;0.01928;0;149.66587;485;20151102
02/11/2015;14;-0.31152;-0.13223;-0.22713;0;620.24364;504;20151102
02/11/2015;14;-0.03898;0.04141;0.05331;0.01438;412.06912;510;20151102
02/11/2015;14;0.10205;0.02261;0.01605;0;149.9694;534;20151102
02/11/2015;14;-0.22607;-0.2656;-0.38913;-0.16987;540.88135;546;20151102
02/11/2015;14;0.01543;0.26513;0.16565;-0.04456;916.71332;553;20151102
02/11/2015;14;-0.00162;0.03203;-0.0313;0.0191;184.37519;575;20151102
02/11/2015;15;0.15372;-0.09286;-0.0033;-0.1586;921.21136;68;20151102
02/11/2015;15;0;0;0;-1;4250;88;20151102
02/11/2015;15;-1;0;0;0;4500;161;20151102
02/11/2015;15;0.00908;-0.08159;0.0101;-0.04133;268.87133;167;20151102
02/11/2015;15;0.1114;0.28147;0.17507;0.43203;644.01346;171;20151102
02/11/2015;15;0.01677;0.27646;0.14442;-0.09475;885.15006;175;20151102
02/11/2015;15;0;0;1;0;5101;186;20151102
02/11/2015;15;-0.03898;0.04141;0.0533;0.01421;406.07133;210;20151102
02/11/2015;15;-0.0046;-0.11089;-0.06456;0.00391;289.50017;235;20151102
02/11/2015;15;0.15979;-0.1353;-0.18398;-0.08225;855.98402;348;20151102
02/11/2015;15;-0.00599;0.05143;-0.02661;0.0616;123.15588;363;20151102
02/11/2015;15;0.01676;-0.02334;-0.10439;-0.00615;326.74073;385;20151102
02/11/2015;15;0.00974;0.0227;0.0142;0.13894;273.4917;433;20151102
02/11/2015;15;0.23975;0.16401;0.15828;0.13846;279.38077;508;20151102
02/11/2015;15;0.1595;-0.14077;-0.07164;-0.18343;937.14109;514;20151102
02/11/2015;15;-0.00625;0.05335;-0.02799;0.06441;128.94782;537;20151102
02/11/2015;15;0.10649;-0.1371;-0.23286;-0.05134;899.61574;568;20151102
02/11/2015;15;-0.0077;-0.10191;-0.0439;0.11289;529.32673;569;20151102
02/11/2015;16;0.1114;0.28147;0.17507;0.42807;659.12434;92;20151102
02/11/2015;16;-1;0;0;0;4500;147;20151102
02/11/2015;16;0.10649;-0.1371;-0.23284;-0.05262;895.65668;173;20151102
02/11/2015;16;0;0;0;-1;4250;185;20151102
02/11/2015;16;-0.00599;0.05143;-0.02658;0.06387;127.09997;203;20151102
02/11/2015;16;0.01677;0.27646;0.14443;-0.09049;876.03333;264;20151102
02/11/2015;16;0.1595;-0.14077;-0.07165;-0.18352;927.14106;272;20151102
02/11/2015;16;-0.0046;-0.11089;-0.06458;0.0018;245.55415;275;20151102
02/11/2015;16;0.23975;0.16401;0.15827;0.13926;268.35582;278;20151102
02/11/2015;16;-0.0077;-0.10191;-0.04392;0.12176;553.07327;283;20151102
02/11/2015;16;0.15979;-0.1353;-0.18396;-0.08321;843.016;298;20151102
02/11/2015;16;0.00908;-0.08159;0.00993;-0.0422;219.85234;314;20151102
02/11/2015;16;0.15372;-0.09286;-0.00333;-0.1583;914.19531;317;20151102
02/11/2015;16;-0.03898;0.04141;0.05329;0.01461;415.05758;399;20151102
02/11/2015;16;0;0;1;0;5101;400;20151102
02/11/2015;16;0.01676;-0.02334;-0.10449;-0.00635;371.72083;409;20151102
02/11/2015;16;0.00974;0.0227;0.0142;0.1284;321.78682;550;20151102
02/11/2015;17;0.15932;-0.13472;-0.18283;-0.08321;725.48959;74;20151102
02/11/2015;17;-0.00532;0.05559;-0.02094;0.05829;144.80407;85;20151102
02/11/2015;17;0;0;-1;0;2386;149;20151102
02/11/2015;17;-0.00628;0.0534;-0.02785;0.06753;134.90897;168;20151102
02/11/2015;17;-0.317;-0.14869;-0.2603;0;611.20575;206;20151102
02/11/2015;17;0.10426;0.02336;0.02049;0;149.49043;218;20151102
02/11/2015;17;-1;0;0;0;4500;220;20151102
02/11/2015;17;0.09959;0.02106;0.01044;0;149.16552;279;20151102
02/11/2015;17;-0.03885;0.04124;0.05296;0.01464;441.92058;280;20151102
02/11/2015;17;0;0;1;0;5614;313;20151102
02/11/2015;17;-0.00465;-0.11074;-0.06433;0.00143;244.65461;327;20151102
02/11/2015;17;0.09911;0.02391;0.01548;0;148.80943;333;20151102
02/11/2015;17;-0.00774;-0.1018;-0.04375;0.12274;597.10951;344;20151102
02/11/2015;17;0.00911;-0.08158;0.00986;-0.04246;218.83346;364;20151102
02/11/2015;17;0.0169;0.27608;0.14384;-0.09139;875.84032;382;20151102
02/11/2015;17;0.10302;0.01957;0.01155;0;149.30096;389;20151102
02/11/2015;17;0.10159;0.02594;0.02241;0;148.97987;430;20151102
02/11/2015;17;0.09978;0.02569;0.01979;0;148.83964;431;20151102
02/11/2015;17;-0.31144;-0.13806;-0.2397;0;610.57688;441;20151102
02/11/2015;17;-0.31356;-0.13984;-0.2459;0;610.50262;448;20151102
02/11/2015;17;-0.31268;-0.14571;-0.24815;0;611.22286;467;20151102
02/11/2015;17;-0.00602;0.05148;-0.02648;0.06459;129.11812;499;20151102
02/11/2015;17;-0.31441;-0.15133;-0.25624;0;611.26087;515;20151102
02/11/2015;17;0.10181;0.01982;0.01061;0;149.44543;522;20151102
02/11/2015;17;0.10376;0.02448;0.02209;0;149.13343;532;20151102
02/11/2015;17;-0.00619;0.04308;-0.02997;0.05993;133.77999;565;20151102
02/11/2015;17;0.14644;-0.08425;-0.16006;-0.01643;699.10111;576;20151102
02/11/2015;18;-0.00609;0.0498;-0.02815;0.06208;125.65769;2;20151102
02/11/2015;18;0.08785;0.00168;-0.0391;0;146.6248;16;20151102
02/11/2015;18;-1;0;0;0;4500;22;20151102
02/11/2015;18;0.0933;0;-0.03598;0;146.6485;24;20151102
02/11/2015;18;0;0;-1;0;2001;28;20151102
02/11/2015;18;-0.26456;-0.14723;-0.2333;0;511.36337;76;20151102
02/11/2015;18;0.0951;0.03724;0.03404;0;151.753;97;20151102
02/11/2015;18;-0.00516;0.0533;-0.02098;0.05352;133.70736;133;20151102
02/11/2015;18;0.10577;0.01054;0.01054;0;135.53566;143;20151102
02/11/2015;18;0.08869;0.02419;0.00076;0;152.22367;162;20151102
02/11/2015;18;0.00988;0.02284;0.01437;0.13632;307.57663;193;20151102
02/11/2015;18;0.00874;-0.08127;0.00647;-0.03797;215.97828;205;20151102
02/11/2015;18;-0.25329;-0.10311;-0.17508;0;511.11493;260;20151102
02/11/2015;18;0.11168;0;-0.01427;0;146.63379;268;20151102
02/11/2015;18;0.0556;-0.0021;-0.01503;0;83.21865;287;20151102
02/11/2015;18;-0.31478;-0.16242;-0.25231;0;624.54301;288;20151102
02/11/2015;18;-0.26493;-0.14738;-0.23426;0;511.21906;303;20151102
02/11/2015;18;0.09305;0.01508;0.02624;0;135.7211;340;20151102
02/11/2015;18;-0.00585;0.0482;-0.02683;0.05952;120.87349;351;20151102
02/11/2015;18;0.08681;0.01932;0.0339;0;135.87688;383;20151102
02/11/2015;18;0.11867;0.01183;0.01183;0;152.06556;398;20151102
02/11/2015;18;-0.006;0.04077;-0.02986;0.05545;120.70285;428;20151102
02/11/2015;18;-0.27218;-0.13785;-0.24411;0;510.61156;444;20151102
02/11/2015;18;0.01694;0.27525;0.1448;-0.09972;894.24403;445;20151102
02/11/2015;18;0.06146;-0.00072;-0.00916;0;83.04928;453;20151102
02/11/2015;18;-0.26104;-0.14171;-0.22115;0;510.81258;457;20151102
02/11/2015;18;0.09769;0.03738;0.03738;0;151.83302;466;20151102
02/11/2015;18;0.11118;0.2519;0.37346;0.15395;1359.23784;513;20151102
02/11/2015;18;-0.03883;0.04111;0.05257;0.01411;444.82018;516;20151102
02/11/2015;18;-0.26562;-0.14687;-0.23551;0;511.14694;520;20151102
02/11/2015;18;0.08575;0.03237;0.03913;0;139.5094;528;20151102
02/11/2015;18;-0.31984;-0.13771;-0.24601;0;624.53088;538;20151102
02/11/2015;18;-0.00488;-0.11201;-0.06667;0.00711;258.87308;542;20151102
02/11/2015;18;0;0;1;0;6014;544;20151102
02/11/2015;18;-0.31315;-0.15507;-0.24318;0;624.93015;563;20151102
02/11/2015;19;-0.00609;0.04985;-0.02816;0.06347;128.61997;12;20151102
02/11/2015;19;-0.36353;-0.21568;-0.3559;0;674.85556;19;20151102
02/11/2015;19;-0.34254;-0.19015;-0.28873;0;674.55968;26;20151102
02/11/2015;19;0.00989;0.02282;0.01446;0.13737;283.56566;27;20151102
02/11/2015;19;-0.26739;-0.14792;-0.27375;0;488.85153;43;20151102
02/11/2015;19;-0.03886;0.04107;0.05257;0.01434;436.8198;49;20151102
02/11/2015;19;-0.24974;-0.11769;-0.1803;0;507.61823;51;20151102
02/11/2015;19;0.0973;0.03659;0.03659;0;150.6901;70;20151102
02/11/2015;19;0.01693;0.27481;0.14593;-0.09678;888.41988;89;20151102
02/11/2015;19;-0.27861;-0.16718;-0.26586;0;525.80742;135;20151102
02/11/2015;19;0.1174;0.01211;0.01211;0;150.5415;155;20151102
02/11/2015;19;0.07813;-0.00833;-0.04801;0;146.53744;157;20151102
02/11/2015;19;-0.00586;0.04825;-0.02683;0.06086;123.84274;176;20151102
02/11/2015;19;-0.26599;-0.10434;-0.19587;0;520.55663;201;20151102
02/11/2015;19;-0.29686;-0.16594;-0.29686;0;536.50692;202;20151102
02/11/2015;19;0.09754;-0.00481;-0.02778;0;147.09827;204;20151102
02/11/2015;19;-1;0;0;0;4500;234;20151102
02/11/2015;19;-0.24837;-0.08965;-0.15204;0;512.51379;239;20151102
02/11/2015;19;-0.25955;-0.12675;-0.19233;0;525.8337;273;20151102
02/11/2015;19;0.00877;-0.08085;0.00455;-0.03819;212.51728;294;20151102
02/11/2015;19;0.10992;-0.00116;-0.01595;0;146.64991;316;20151102
02/11/2015;19;0.08716;0.03132;0.03697;0;139.45403;329;20151102
02/11/2015;19;-0.00488;-0.11182;-0.06733;0.00587;272.75375;349;20151102
02/11/2015;19;0.08761;0.02369;-0.00026;0;151.25223;352;20151102
02/11/2015;19;0.0959;0.01586;0.02642;0;138.9648;360;20151102
02/11/2015;19;-0.29285;-0.159;-0.29285;0;525.83895;367;20151102
02/11/2015;19;-0.25453;-0.12882;-0.19482;0;512.52746;386;20151102
02/11/2015;19;0.08986;0.02;0.03383;0;138.98893;404;20151102
02/11/2015;19;0.11219;0;-0.01416;0;146.50782;456;20151102
02/11/2015;19;0.09476;0.03689;0.03419;0;150.86768;486;20151102
02/11/2015;19;0.07509;-0.00629;-0.05316;0;147.29527;549;20151102
02/11/2015;19;0;0;1;0;5101;566;20151102
02/11/2015;19;0.08657;0;-0.04442;0;146.52876;577;20151102
02/11/2015;20;0;0;1;0;5101;8;20151102
02/11/2015;20;-0.2601;-0.09916;-0.19002;0;508.6581;18;20151102
02/11/2015;20;0.09695;0.03517;0.03517;0;149.3272;66;20151102
02/11/2015;20;0.08589;0.02265;-0.00257;0;149.10462;73;20151102
02/11/2015;20;-0.26494;-0.14298;-0.22264;0;519.51518;93;20151102
02/11/2015;20;-0.34812;-0.1971;-0.31684;0;664.55554;102;20151102
02/11/2015;20;-0.00487;-0.11181;-0.06724;0.00203;251.88195;112;20151102
02/11/2015;20;0.09412;0.03581;0.03309;0;148.69946;117;20151102
02/11/2015;20;-0.29984;-0.15876;-0.29417;0;541.63133;119;20151102
02/11/2015;20;0.08776;0.02787;0.03442;0;138.36383;134;20151102
02/11/2015;20;-0.2265;-0.266;-0.38614;-0.17293;429.82934;139;20151102
02/11/2015;20;-0.00609;0.04985;-0.02817;0.06738;137.50794;225;20151102
02/11/2015;20;0.08794;0;-0.04476;0;149.02832;243;20151102
02/11/2015;20;-0.24832;-0.12166;-0.1894;0;497.57114;259;20151102
02/11/2015;20;0.09062;0.02006;0.03101;0;138.04481;262;20151102
02/11/2015;20;-0.23937;-0.13504;-0.22542;0;448.67964;271;20151102
02/11/2015;20;-0.25145;-0.09405;-0.17651;0;497.8741;286;20151102
02/11/2015;20;-0.33941;-0.18384;-0.33734;0;611.69212;305;20151102
02/11/2015;20;0.1145;0.0138;0.0138;0;148.975;307;20151102
02/11/2015;20;-0.28897;-0.16302;-0.27212;0;541.65184;308;20151102
02/11/2015;20;0.09573;0.0166;0.02474;0;137.64324;325;20151102
02/11/2015;20;-0.26117;-0.09957;-0.1908;0;510.75159;330;20151102
02/11/2015;20;0.03884;-0.00615;-0.03213;0;83.61592;347;20151102
02/11/2015;20;-0.26174;-0.14832;-0.23986;0;497.75718;380;20151102
02/11/2015;20;0.00876;-0.08085;0.00481;-0.03951;211.62356;392;20151102
02/11/2015;20;0.10982;0;-0.01891;0;149.01231;422;20151102
02/11/2015;20;-0.03883;0.04108;0.0526;0.01503;431.79982;438;20151102
02/11/2015;20;-0.00585;0.04825;-0.02684;0.06461;131.73217;475;20151102
02/11/2015;20;0.11251;0.00141;-0.01296;0;148.82293;482;20151102
02/11/2015;20;-0.29766;-0.10779;-0.18535;0;611.54482;507;20151102
02/11/2015;20;0.08757;0.02987;0.03462;0;137.62221;524;20151102
02/11/2015;20;-1;0;0;0;4500;529;20151102
02/11/2015;20;-0.25497;-0.12576;-0.19554;0;510.70624;548;20151102
02/11/2015;20;0.01691;0.2748;0.14577;-0.08796;868.13741;570;20151102
02/11/2015;21;0.01693;0.2748;0.14559;-0.09182;877.19355;42;20151102
02/11/2015;21;-0.26942;-0.10421;-0.19221;0;532.53554;52;20151102
02/11/2015;21;-1;0;0;0;4500;57;20151102
02/11/2015;21;0.09562;0.02756;0.01743;0;150.63441;60;20151102
02/11/2015;21;0.00877;-0.08084;0.00551;-0.03872;212.77767;83;20151102
02/11/2015;21;-0.26691;-0.10674;-0.19867;0;521.94047;101;20151102
02/11/2015;21;-0.25656;-0.14032;-0.2165;0;503.74962;105;20151102
02/11/2015;21;0.10919;0.00956;-0.00201;0;151.22907;109;20151102
02/11/2015;21;0.09376;0.02795;0.02795;0;138.90798;115;20151102
02/11/2015;21;-0.26448;-0.15118;-0.24274;0;503.63576;125;20151102
02/11/2015;21;-0.26025;-0.13068;-0.2007;0;521.616;142;20151102
02/11/2015;21;-0.03886;0.04107;0.05261;0.01461;429.82244;154;20151102
02/11/2015;21;-0.00586;0.04825;-0.02689;0.06228;126.78768;179;20151102
02/11/2015;21;0;0;1;0;5101;233;20151102
02/11/2015;21;0.09441;0.02397;0.00892;0;150.56053;249;20151102
02/11/2015;21;0.09269;0.02711;0.02929;0;138.50982;277;20151102
02/11/2015;21;-0.2851;-0.15169;-0.27349;0;521.9835;281;20151102
02/11/2015;21;0.09769;0.03099;0.02664;0;150.61507;282;20151102
02/11/2015;21;0.00989;0.02282;0.01443;0.13877;278.51881;311;20151102
02/11/2015;21;0.01682;-0.02266;-0.10018;-0.00624;251.84968;334;20151102
02/11/2015;21;0.10554;0.00915;-0.00711;0;151.00012;359;20151102
02/11/2015;21;-0.00609;0.04985;-0.02822;0.06495;132.56323;377;20151102
02/11/2015;21;0.11105;0.01921;0.01921;0;150.8022;378;20151102
02/11/2015;21;0.09406;0.02162;0.0277;0;139.27888;379;20151102
02/11/2015;21;-0.2594;-0.12805;-0.19682;0;521.54595;384;20151102
02/11/2015;21;0.09771;0.01908;0.02322;0;138.84368;434;20151102
02/11/2015;21;-0.27723;-0.15685;-0.25904;0;521.90451;436;20151102
02/11/2015;21;-0.2548;-0.09495;-0.16207;0;521.5005;437;20151102
02/11/2015;21;-0.00488;-0.11182;-0.06711;0.00434;251.85269;564;20151102
02/11/2015;21;0.09649;0.0102;-0.01574;0;150.61132;571;20151102
02/11/2015;22;0.1465;-0.08433;-0.1589;-0.01593;763.35879;69;20151102
02/11/2015;22;0.00877;-0.08084;0.00621;-0.03784;214.93153;72;20151102
02/11/2015;22;0;0;0;-1;4250;100;20151102
02/11/2015;22;0.15948;-0.1348;-0.18202;-0.082;778.60794;116;20151102
02/11/2015;22;0.00989;0.02282;0.01439;0.17064;448.61625;169;20151102
02/11/2015;22;-0.00488;-0.11182;-0.0668;0.00608;255.88302;174;20151102
02/11/2015;22;-1;0;0;0;4500;181;20151102
02/11/2015;22;-0.03886;0.04107;0.05258;0.01421;430.82599;209;20151102
02/11/2015;22;-0.22664;-0.26607;-0.38738;-0.16905;675.44153;212;20151102
02/11/2015;22;0.24032;0.16349;0.15721;0.13758;153.92142;257;20151102
02/11/2015;22;0;0;-1;0;4190;365;20151102
02/11/2015;22;-0.00902;-0.13406;-0.09943;0.02217;326.69413;373;20151102
02/11/2015;22;0.11033;-0.12957;-0.21995;-0.04723;859.19778;397;20151102
02/11/2015;22;-0.00161;0.03226;-0.0311;0.01886;294.44714;402;20151102
02/11/2015;22;0.01693;0.27481;0.14499;-0.09483;882.12558;424;20151102
02/11/2015;22;0;0;1;0;5101;558;20151102
02/11/2015;22;0.11146;0.28024;0.17544;0.4338;646.94788;573;20151102
02/11/2015;23;0.09735;0.01914;0.02277;0;137.84215;7;20151102
02/11/2015;23;0.09185;0.02686;0.02945;0;137.78555;15;20151102
02/11/2015;23;0.11146;0.28024;0.17561;0.42635;673.19983;25;20151102
02/11/2015;23;0.01693;0.27481;0.14515;-0.09829;921.26326;31;20151102
02/11/2015;23;0.09579;0.02367;0.01071;0;149.57772;138;20151102
02/11/2015;23;0.0978;0.02981;0.02518;0;150.12105;150;20151102
02/11/2015;23;0.09788;0.01505;-0.00379;0;149.60254;151;20151102
02/11/2015;23;0.00877;-0.08084;0.00631;-0.03857;323.97747;164;20151102
02/11/2015;23;-0.00902;-0.13406;-0.09955;0.02127;364.68873;165;20151102
02/11/2015;23;-1;0;0;0;4500;192;20151102
02/11/2015;23;0.10405;0.01293;-0.00068;0;150.37325;195;20151102
02/11/2015;23;0.10697;0.01275;0.00241;0;150.26586;211;20151102
02/11/2015;23;0.01997;-0.15758;0.0693;-0.10154;916.66518;254;20151102
02/11/2015;23;-0.03886;0.04107;0.05264;0.01452;412.83261;318;20151102
02/11/2015;23;-0.00161;0.03226;-0.03115;0.01919;288.42515;321;20151102
02/11/2015;23;0;0;-1;0;3757;337;20151102
02/11/2015;23;0.09609;0.02678;0.01718;0;150.37022;339;20151102
02/11/2015;23;-0.22664;-0.26607;-0.38706;-0.1715;664.59173;342;20151102
02/11/2015;23;0.10089;0.0184;0.0184;0;137.60322;391;20151102
02/11/2015;23;0.09346;0.02745;0.02745;0;137.83358;446;20151102
02/11/2015;23;0;0;0;-1;4250;454;20151102
02/11/2015;23;-0.00488;-0.11182;-0.06686;0.00522;280.8918;460;20151102
02/11/2015;23;0.09352;0.02141;0.02748;0;138.37011;464;20151102
02/11/2015;23;-0.00774;-0.10071;-0.04396;0.11468;764.36339;505;20151102
02/11/2015;23;0;0;1;0;5101;518;20151102
02/11/2015;24;-1;0;0;0;4500;20;20151102
02/11/2015;24;0.10101;0.02495;0.01979;0;149.41268;29;20151102
02/11/2015;24;0.1465;-0.08453;-0.15909;-0.01582;751.29226;33;20151102
02/11/2015;24;0.10108;0.02215;0.01435;0;148.79434;78;20151102
02/11/2015;24;-0.00161;0.03265;-0.03108;0.01912;271.47421;127;20151102
02/11/2015;24;0.09987;0.02391;0.01639;0;148.81196;140;20151102
02/11/2015;24;-0.00902;-0.13718;-0.09924;0.02334;350.47582;141;20151102
02/11/2015;24;0.10207;0.02421;0.01959;0;148.98606;172;20151102
02/11/2015;24;0.10229;0.02366;0.01876;0;148.66672;244;20151102
02/11/2015;24;0.10011;0.02267;0.01424;0;149.09823;245;20151102
02/11/2015;24;0.01997;-0.16756;0.06884;-0.10133;910.7935;247;20151102
02/11/2015;24;0;0;0;-1;4250;248;20151102
02/11/2015;24;-0.03886;0.04132;0.05255;0.01431;427.83429;293;20151102
02/11/2015;24;0.11146;0.27995;0.1752;0.42464;656.12141;420;20151102
02/11/2015;24;-0.22664;-0.26596;-0.38772;-0.17147;662.43084;425;20151102
02/11/2015;24;0.01682;-0.02148;-0.10129;-0.00607;418.65037;473;20151102
02/11/2015;24;0.15367;-0.09234;-0.00428;-0.15964;870.04468;488;20151102
02/11/2015;24;0.09982;0.02439;0.01728;0;149.09001;493;20151102
02/11/2015;24;0.10012;0.02476;0.01837;0;149.30511;494;20151102
02/11/2015;24;0;0;1;0;5101;498;20151102
02/11/2015;24;0.15948;-0.13496;-0.18216;-0.08309;771.59076;541;20151102
02/11/2015;24;0.10162;0.02201;0.01471;0;148.71256;547;20151102
02/11/2015;24;0.01693;0.27648;0.14473;-0.10743;953.53733;562;20151102